aaCDR3,count
CASSLGDTQYF,1523
CASSSSYEQYF,1509
CASSLGETQYF,1489
CASSLDSYEQYF,1438
CASSFSYEQYF,1430
CASSLSSYEQYF,1421
CASSPSSYEQYF,1417
CASSLGSYEQYF,1416
CASSLGQGYEQYF,1398
CASSPSYEQYF,1393
CASSLAYEQYF,1381
CASSLQGYEQYF,1372
CASSLGGNTEAFF,1369
CASSLGGSSYEQYF,1365
CASSLQETQYF,1363
CASSLEGYEQYF,1359
CASSYSYEQYF,1352
CASSLAGYEQYF,1348
CASSLGSSYEQYF,1346
CASSQGYEQYF,1345
CASSLGGSYEQYF,1339
CASSLADTQYF,1333
CASSLEETQYF,1331
CASSPSTDTQYF,1317
CASSLGQNTEAFF,1315
CASSLVGYEQYF,1313
CASSLNTEAFF,1308
CASSLTGNTEAFF,1308
CASSSTDTQYF,1307
CASSFTDTQYF,1306
CASSPDSYEQYF,1300
CASSLDYEQYF,1299
CASSLGTDTQYF,1298
CASSSSSYEQYF,1295
CASSLGQGAYEQYF,1293
CASSRDSYEQYF,1290
CASSPQETQYF,1289
CASSLGNTEAFF,1289
CASSLNTGELFF,1283
CASSLRETQYF,1283
CASSFQETQYF,1281
CASSLTGYEQYF,1280
CASSDSYEQYF,1279
CASSPQGYEQYF,1275
CASSSYNEQFF,1273
CASSLDSSYEQYF,1267
CASSLTYEQYF,1266
CASSLQGNTEAFF,1263
CASSLGSNQPQHF,1262
CASSLYNEQFF,1260
CASSLGGTDTQYF,1256
CASSPGYEQYF,1256
CASSLDRNTEAFF,1255
CASSSGYEQYF,1252
CASSLGVNTEAFF,1249
CASSLGTEAFF,1248
CASSLNYEQYF,1245
CASSPGTGGYEQYF,1243
CASSLGTGELFF,1242
CASSLGQGNTEAFF,1242
CASSLGPYEQYF,1236
CASSLGRNTEAFF,1236
CASSLAGGYEQYF,1231
CASSLGGGTEAFF,1229
CASSLGGDTQYF,1229
CASSLGGETQYF,1226
CASSLAGGTDTQYF,1224
CASSLGNEQFF,1224
CASSLGGNEQFF,1223
CASSLAGNTEAFF,1223
CASSFGETQYF,1222
CASSLGPNTEAFF,1219
CASSSTYEQYF,1218
CASSRDRGYEQYF,1218
CASSLGAYEQYF,1217
CASSPGGYEQYF,1216
CASSLGTGGYEQYF,1215
CASSRGYEQYF,1215
CASSLAGSYEQYF,1215
CASSLGQSYEQYF,1211
CASSSSTDTQYF,1210
CASSLDGYEQYF,1208
CASSLGQGYGYTF,1207
CASSLGQNYGYTF,1207
CASSLGGSSYNEQFF,1205
CASSLTGGTEAFF,1204
CASSLGQGNQPQHF,1204
CASSLGLNTEAFF,1202
CASSLAGTDTQYF,1202
CASSPGQGAYEQYF,1200
CASSLGTYEQYF,1200
CASSQETQYF,1200
CASSLAGGSYEQYF,1198
CASSLRDTQYF,1196
CASSSQGYEQYF,1195
CASSLRGYEQYF,1194
CASSLGGSNQPQHF,1193
CASSLGQGSYEQYF,1192
CASSPGETQYF,1191
CASSLGGYGYTF,1187
CASSLGGSTDTQYF,1186
CASSPGTDTQYF,1181
CASSRSYEQYF,1180
CASSPGTGSYEQYF,1179
CASSLGGNYGYTF,1179
CASSLAGGSYNEQFF,1177
CASSLGNQPQHF,1177
CASSPGQGSYEQYF,1176
CASSLRGNTEAFF,1175
CASSLSGANVLTF,1174
CASSLAETQYF,1172
CASSPTGYEQYF,1171
CASSFSTDTQYF,1169
CASSPGTGAYEQYF,1169
CASSLEGNTEAFF,1167
CASSLDRYEQYF,1166
CASSLEDTQYF,1166
CASSLGSYNEQFF,1161
CASSLSDTQYF,1160
CASSFGYEQYF,1160
CASSLAGETQYF,1159
CASSLGQGTDTQYF,1159
CASSHSYEQYF,1158
CASSLKETQYF,1157
CASSLGSTDTQYF,1157
CASSLGTGSYEQYF,1156
CASSPNTGELFF,1155
CASSLGGGNQPQHF,1155
CASSLTGELFF,1153
CASSLAGSSYEQYF,1153
CASSLGGGTDTQYF,1152
CASSPGSYEQYF,1151
CASSLGGQETQYF,1150
CASSLAGGTEAFF,1150
CASSLTVNTEAFF,1149
CASSLSGNTEAFF,1149
CASSLEGNQPQHF,1149
CASSLGYGYTF,1148
CASSYTDTQYF,1148
CASSLGGSGNTIYF,1147
CASSLGGTGELFF,1144
CASSLGQTYEQYF,1143
CASSLVGETQYF,1142
CASSLGQQETQYF,1140
CASSSDSYEQYF,1140
CASSVGGNTEAFF,1139
CASSSAYEQYF,1139
CASSFGGNTEAFF,1138
CASSLTGSYEQYF,1138
CASSLQGNQPQHF,1137
CASSRTDTQYF,1136
CASSLGQETQYF,1133
CASSLGNTGELFF,1133
CASSLRGTEAFF,1132
CASSLGADTQYF,1131
CASSLVGNTEAFF,1130
CASSRTGNTEAFF,1128
CASSLDRGYEQYF,1126
CASSPTGNTEAFF,1126
CASSFRETQYF,1125
CASSSNTGELFF,1124
CASSFGDTQYF,1124
CASSQSYEQYF,1124
CASSYQETQYF,1124
CASSLGGSGANVLTF,1124
CASSSLYEQYF,1123
CASSLGENTEAFF,1121
CASSPGQGNTEAFF,1121
CASSLGGGYEQYF,1120
CASSPTGNYGYTF,1120
CASSPGQNTEAFF,1120
CASSLGQGNYGYTF,1118
CASSLGMNTEAFF,1117
CASSPGQNYGYTF,1116
CASSLGGSYNEQFF,1115
CASSPGSSYEQYF,1115
CASSPGQGYGYTF,1114
CASSRQGYEQYF,1113
CASSLGGGNTEAFF,1112
CASSLTGGNQPQHF,1111
CASSLAGGETQYF,1111
CASSSGETQYF,1111
CASSLGGGETQYF,1111
CASSLAGAYEQYF,1110
CASSLLGYEQYF,1110
CASSLGYNEQFF,1108
CASSPQGNTEAFF,1108
CASSLVETQYF,1107
CASSEGYEQYF,1106
CASSRDSNQPQHF,1105
CASSLGGQPQHF,1105
CASSLAGSTDTQYF,1104
CASSLAGSSYNEQFF,1104
CASSLGEKLFF,1103
CASSSPYEQYF,1102
CASSLAGGQETQYF,1102
CASSLDGNTEAFF,1102
CASSSQGNTEAFF,1102
CASSLGGYNEQFF,1102
CASSPGTAYEQYF,1102
CASSPDRNYGYTF,1101
CASSLGQLNTEAFF,1101
CASSLAGQETQYF,1099
CASSLRYEQYF,1099
CASSPAYEQYF,1098
CASSPGGTEAFF,1098
CASSLTGNYGYTF,1097
CASSLAGELFF,1097
CASSASYEQYF,1097
CASSYGETQYF,1097
CASSRNTEAFF,1097
CASSSGQGYEQYF,1095
CASSPGQSYEQYF,1095
CASSQGETQYF,1094
CASSLGTGAYEQYF,1094
CASSLGGNTGELFF,1094
CASSLSSYNEQFF,1094
CASSPGQGNYGYTF,1093
CASSLVSYEQYF,1093
CASSLGQNTGELFF,1093
CASSPGQGNQPQHF,1091
CASSLQGNYGYTF,1091
CASSLGANTEAFF,1090
CASSPGGNQPQHF,1090
CASSLGGTYEQYF,1090
CASSRQETQYF,1090
CASSLGGPYEQYF,1089
CASSPGGNTEAFF,1088
CASSPGGETQYF,1088
CASSRQGNTEAFF,1088
CASSLGTAYEQYF,1087
CASSLNNEQFF,1085
CASSLDRNYGYTF,1085
CASSLQGSYEQYF,1085
CASSLSETQYF,1085
CASSLSGNTIYF,1084
CASSLGDTEAFF,1084
CASSLSGSYEQYF,1083
CASSPRTDTQYF,1082
CASSLAGGPYEQYF,1082
CASSLRGNQPQHF,1082
CASSLGTVNTEAFF,1081
CASSPYNEQFF,1081
CASSLTGGNTEAFF,1080
CASSPGGSYEQYF,1080
CASSFYNEQFF,1079
CASSLMNTEAFF,1079
CASSLTENTEAFF,1078
CASSFSGANVLTF,1078
CASSGSYEQYF,1077
CASSLDTDTQYF,1077
CASSQGGYEQYF,1077
CASSPDRNTEAFF,1077
CASSLGQMNTEAFF,1077
CASSLTGGYEQYF,1077
CASSLGQGPYEQYF,1076
CASSRGETQYF,1074
CASSPPSTDTQYF,1074
CASSLTGNQPQHF,1074
CASSFGNTEAFF,1073
CASSLAGGNTEAFF,1073
CASSFSSYEQYF,1073
CASSLVNTEAFF,1072
CASSLGGAYEQYF,1072
CASSPGDTQYF,1071
CASSLGGEQFF,1070
CASSPGLNTEAFF,1070
CASSPGTGYEQYF,1069
CASSLSGSSYNEQFF,1069
CASSLAGNQPQHF,1069
CASSLQGGTEAFF,1069
CASSLAGGNQPQHF,1068
CASSLGTANTEAFF,1068
CASSLGGDTEAFF,1066
CASSLDSYNEQFF,1066
CASSPGNTEAFF,1064
CASSLGLQETQYF,1064
CASSLGQGGTEAFF,1064
CASSLGTGNTEAFF,1064
CASSLSGSSYEQYF,1063
CASSLYEQYF,1063
CASSLNYGYTF,1063
CASSYSNQPQHF,1061
CASSLGQGTEAFF,1061
CASSPSGANVLTF,1061
CASSLEYEQYF,1060
CASSRGNTEAFF,1059
CASSLGSGNTIYF,1058
CASSLDTEAFF,1057
CASSLVYEQYF,1057
CASSLTGSSYEQYF,1056
CASSRSSYEQYF,1055
CASSLLNTEAFF,1055
CASSPGTGNTEAFF,1054
CASSLGLAGTDTQYF,1054
CASSLAGANVLTF,1054
CASSQGNTEAFF,1054
CASSSGTGGYEQYF,1054
CASSSNTEAFF,1053
CASSLNSNQPQHF,1053
CASSVGETQYF,1053
CASSLGSGANVLTF,1053
CASSLGTGYEQYF,1052
CASSLDSYGYTF,1051
CASSLGGADTQYF,1051
CASSPGTGNQPQHF,1051
CASSPRETQYF,1051
CASSRGTEAFF,1050
CASSLGGRETQYF,1050
CASSLDTGELFF,1050
CASSSGANVLTF,1050
CASSQGGNTEAFF,1049
CASSLSSGANVLTF,1049
CASSLSNQPQHF,1048
CASSSTGNTEAFF,1048
CASSLGLAGYNEQFF,1047
CASSQGGEQYF,1047
CASSLGNTIYF,1047
CASSLGPSYEQYF,1046
CASSPDSNQPQHF,1046
CASSLGGLNTEAFF,1045
CASSLEGYGYTF,1044
CASSSGNTIYF,1044
CASSPRGYEQYF,1044
CASSLGGNTIYF,1043
CASSLGGMNTEAFF,1042
CASSLTGGSYEQYF,1042
CASSLDQETQYF,1042
CASSLDRGTEAFF,1041
CASSQSSYEQYF,1041
CASSSGTGSYEQYF,1041
CASSQDSYEQYF,1041
CASSLGTSTDTQYF,1040
CASSLGGDQPQHF,1040
CASSYGYEQYF,1039
CASSFGTDTQYF,1039
CASSQAYEQYF,1039
CASSFGGTEAFF,1038
CASSPNTDTQYF,1038
CASSLAGNYGYTF,1038
CASSLAGEETQYF,1037
CASSLVGTEAFF,1037
CASSLDRAYEQYF,1036
CASSLAGTYEQYF,1036
CASSLGRSYEQYF,1036
CASSRDRNTEAFF,1036
CASSLGLAGGTDTQYF,1036
CASSLLETQYF,1035
CASSPDSNYGYTF,1035
CASSFQGNTEAFF,1035
CASSLGGGSYNEQFF,1034
CASSLDRGYGYTF,1034
CASSLSSNQPQHF,1034
CASSPNTEAFF,1034
CASSLAGDTQYF,1034
CASSLASYEQYF,1033
CASSSTGYEQYF,1032
CASSVSYEQYF,1032
CASSLAGSYNEQFF,1031
CASSGGYEQYF,1031
CASSLVGDTQYF,1031
CASSQNTEAFF,1031
CASSLDSNYGYTF,1031
CASSLAVNTEAFF,1031
CASSSGGYEQYF,1031
CASSLLYEQYF,1031
CASSLLAGGTDTQYF,1030
CASSLVGGTEAFF,1030
CASSSGSYEQYF,1029
CASSLGDYGYTF,1028
CASSLGTGNQPQHF,1027
CASSNSYEQYF,1026
CASSNTDTQYF,1026
CASSSYYEQYF,1026
CASSPGQGTDTQYF,1026
CASSPGTANTEAFF,1025
CASSQQETQYF,1025
CASSLDGNYGYTF,1025
CASSLNSYEQYF,1025
CASSLGTNTEAFF,1024
CASSRDRAYEQYF,1024
CASSSNYEQYF,1023
CASSLGGGQPQHF,1023
CASSPGTDYGYTF,1021
CASSLNTDTQYF,1021
CASSSRETQYF,1021
CASSLTSYEQYF,1021
CASSPTDTQYF,1019
CASSLGGGYGYTF,1019
CASSRTGYEQYF,1018
CASSPRGNTEAFF,1018
CASSQGLNTEAFF,1018
CASSLTGDTEAFF,1018
CASSPTGGNQPQHF,1017
CASSLGVYEQYF,1017
CASSQGSYEQYF,1017
CASSLRGGTEAFF,1016
CASSLRGTDTQYF,1016
CASSLEGETQYF,1015
CASSLGRETQYF,1015
CASSGQGNTEAFF,1015
CASSLEGGTEAFF,1014
CASSLVGGNTEAFF,1013
CASSLGGGYTF,1013
CASSPTVNTEAFF,1013
CASSLGGGEQYF,1012
CASSLQGTDTQYF,1012
CASSLDNEQFF,1012
CASSRSTDTQYF,1012
CASSLGTSYEQYF,1011
CASSLEVNTEAFF,1011
CASSLSGELFF,1011
CASSLAGGSTDTQYF,1011
CASSPGGTDTQYF,1011
CASSDYEQYF,1011
CASSLGVSYEQYF,1009
CASSPGSNQPQHF,1008
CASSGQGYEQYF,1008
CASSLGDYEQYF,1007
CASSGETQYF,1007
CASSLGSSYNEQFF,1007
CASSLSGNQPQHF,1007
CASSLSTGELFF,1007
CASSLDSTDTQYF,1006
CASSPQGNYGYTF,1006
CASSLGSSGNTIYF,1006
CASSLAGNEQFF,1006
CASSLAGGPYNEQFF,1006
CASSLGLSYEQYF,1005
CASSLGGELFF,1005
CASSLGDQPQHF,1005
CASSLVGSYEQYF,1004
CASSLDRNQPQHF,1004
CASSLVGTDTQYF,1004
CASSLGAGELFF,1004
CASSLAQETQYF,1003
CASSQGNYGYTF,1002
CASSLDRGNTEAFF,1002
CASSPGGDTQYF,1002
CASSQGDTQYF,1002
CASSLGQGTYEQYF,1001
CASSAQETQYF,1001
CASSPGQTYEQYF,1000
CASSPGQQETQYF,1000
CASSPGTYEQYF,999
CASSLDRGTDTQYF,999
CASSLGRNYGYTF,998
CASSRNTGELFF,998
CASSGYNEQFF,998
CASSLGRGTEAFF,998
CASSLGGDYGYTF,998
CASSLTANTEAFF,998
CASSPGPYEQYF,998
CASSLLGNTEAFF,997
CASSRTVNTEAFF,996
CASSFGSSYEQYF,996
CASSLSLNTEAFF,996
CASSLVNEQFF,996
CASSLAGYNEQFF,995
CASSLSNEQFF,995
CASSFGGSYEQYF,995
CASSSNYGYTF,995
CASSLDGNQPQHF,995
CASSLGPQETQYF,995
CASSLDRDYGYTF,994
CASSLSRNTEAFF,994
CASSLRGSYEQYF,994
CASSLGQGNEKLFF,994
CASSLLAGGYNEQFF,994
CASSPRTGNTEAFF,993
CASSLSYNEQFF,993
CASSPDSSYEQYF,993
CASSLASSYEQYF,993
CASSLVGNEQFF,993
CASSSGSSYEQYF,992
CASSVQETQYF,992
CASSLATDTQYF,992
CASSLDRDTEAFF,991
CASSFSNQPQHF,991
CASSLVDTQYF,991
CASSLASTDTQYF,991
CASSLAGTGELFF,991
CASSYYNEQFF,990
CASSTSYEQYF,990
CASSLGQSSYEQYF,990
CASSLGTGYGYTF,990
CASSRTGGYEQYF,990
CASSLTGGYGYTF,989
CASSAYNEQFF,989
CASSLSVNTEAFF,989
CASSLGDSYEQYF,988
CASSPGTGYGYTF,987
CASSQGGTEAFF,987
CASSSGDTQYF,987
CASSLAGEQYF,986
CASSGSSYEQYF,986
CASSYSTDTQYF,986
CASSLALNTEAFF,985
CASSPGTGTYEQYF,985
CASSFNTGELFF,985
CASSLGQGSYNEQFF,984
CASSLGATNEKLFF,984
CASSLDRSYEQYF,984
CASSGDSYEQYF,984
CASSSGQGNTEAFF,983
CASSQGTEAFF,983
CASSSTVNTEAFF,983
CASSLQENTEAFF,983
CASSLSGGTEAFF,983
CASSLGQGGYEQYF,983
CASSLGQGGNQPQHF,983
CASSPGTGPYEQYF,982
CASSLSGTDTQYF,982
CASSLAGGNEQFF,981
CASSLRENTEAFF,981
CASSVTDTQYF,981
CASSFSDTQYF,981
CASSLQGYGYTF,980
CASSRTGGNQPQHF,980
CASSHTDTQYF,980
CASSIQETQYF,980
CASSPDRDYGYTF,980
CASSLTSTDTQYF,980
CASSLSGETQYF,980
CASSQDRNTEAFF,980
CASSLRGETQYF,979
CASSPGGYGYTF,979
CASSQTYEQYF,979
CASSPGTSGYNEQFF,978
CASSSGTGAYEQYF,978
CASSRYNEQFF,978
CASSPGTSYEQYF,978
CASSPGYGYTF,977
CASSSDRNTEAFF,977
CASSLGGGQETQYF,976
CASSLLDTQYF,976
CASSSGQGYGYTF,976
CASSQGYGYTF,976
CASSLQGMNTEAFF,976
CASSQNTGELFF,976
CASSLGQGGQPQHF,976
CASSLGQGADTQYF,975
CASSPDRGYGYTF,975
CASSLTTDTQYF,975
CASSSSGANVLTF,974
CASSLAGYGYTF,974
CASSLSGSTDTQYF,974
CASSPGRNTEAFF,974
CASSLRGNEQFF,974
CASSLVTDTQYF,973
CASSLAENTEAFF,973
CASRGNTEAFF,973
CASRLNTEAFF,972
CASSLGGEETQYF,972
CASSRTGSYEQYF,972
CASSPSSYNEQFF,972
CASSFGGNQPQHF,972
CASSPGTVNTEAFF,971
CASSLTGAYEQYF,971
CASSLGTSGYNEQFF,971
CASSLGSQETQYF,971
CASSLAGTEAFF,971
CASSFGTEAFF,971
CASSLGGEAFF,970
CASSLDRETQYF,970
CASSFRGNTEAFF,970
CASSLGRGYEQYF,969
CASSLGLYEQYF,969
CASSLGLAGGQETQYF,969
CASSLGNYGYTF,968
CASSLQGSNQPQHF,968
CASSLQGGNQPQHF,968
CASSPTGDYGYTF,967
CASSLRTDTQYF,967
CASSFGGYEQYF,967
CASSQDRGYEQYF,966
CASSLRGEQYF,966
CASSRGTDTQYF,966
CASSRQGSYEQYF,966
CASSFGSNQPQHF,966
CASSLSGDTQYF,965
CASSSGNTEAFF,965
CASSLRNTEAFF,964
CASSRGDTQYF,964
CASSLAGGTGELFF,964
CASSLDLNTEAFF,964
CASSQGGNQPQHF,964
CASSLGPNQPQHF,963
CASSLGQSTDTQYF,963
CASSRDRQETQYF,963
CASSLAGSNQPQHF,963
CASSLQGGNTEAFF,963
CASSLAGSGNTIYF,962
CASSLTSGSYEQYF,962
CASSFTGNTEAFF,962
CASSLGQGNTGELFF,962
CASSPSGSSYNEQFF,962
CASSLGQGNSPLHF,962
CASSLGQGQETQYF,961
CASSLGRYEQYF,960
CASSLGQYNEQFF,960
CASSLGLYNEQFF,958
CASSLAGADTQYF,958
CASSLGLAGGNEQFF,958
CASSLVGTGELFF,957
CASSYSSYEQYF,957
CASSLGRQETQYF,956
CASSSGGTEAFF,956
CASSLDRDQPQHF,956
CASSLTGDYGYTF,956
CASSLGASYEQYF,955
CASSPGGNYGYTF,955
CASSLGTGGTEAFF,955
CASSFTGELFF,954
CASSSGTDTQYF,954
CASSLVGSSYEQYF,953
CASSPRGTEAFF,953
CASSLGANYGYTF,953
CASSYTGELFF,953
CASSSGSTDTQYF,953
CASSLGTGTYEQYF,953
CASSQDSNQPQHF,952
CASSLGTGGNQPQHF,952
CASSLTGTDTQYF,952
CASSGYEQYF,951
CASSPDGNYGYTF,951
CASSLAGNTGELFF,951
CASSLARETQYF,951
CASSLLGETQYF,950
CASSLSGGTDTQYF,950
CASSQGNQPQHF,950
CASSQGRNTEAFF,950
CASSLSSGNTIYF,950
CASSPGQGTYEQYF,950
CASSLEGNYGYTF,950
CASSLGTDYGYTF,950
CASSGQGNQPQHF,950
CASSGTGGNQPQHF,949
CASSRQGNQPQHF,949
CASSPGLQETQYF,949
CASSPGTEAFF,949
CASSLDTYEQYF,948
CASSVGGSSYNEQFF,948
CASSLTANYGYTF,948
CASSLGQGETQYF,948
CASSLGSYGYTF,947
CASSLRGDTQYF,947
CASSLGSNTEAFF,947
CASSVGGGTEAFF,947
CASRDSNQPQHF,947
CASSLGDSNQPQHF,947
CASSRDSQETQYF,946
CASSPDSYGYTF,946
CASSLQNTEAFF,946
CASSRTGGTEAFF,946
CASSTYNEQFF,945
CASSSGYGYTF,945
CASSRGGTEAFF,945
CASSSSGNTIYF,945
CASSLGRNQPQHF,945
CASSPGQGGYEQYF,945
CASSRGSYEQYF,944
CASSPQGNQPQHF,944
CASSFGQNTEAFF,944
CASSPRGETQYF,944
CASSLSGGNQPQHF,944
CASSTSTDTQYF,943
CASSLTGGTDTQYF,943
CASSLTGSNQPQHF,943
CASSPSGYEQYF,942
CASSPGQGNEKLFF,941
CASSEETQYF,941
CASSLSSTDTQYF,941
CASSLGQGGEKLFF,941
CASSLAGNTIYF,941
CASSLARNTEAFF,941
CASSSGQGNQPQHF,941
CASSPGTANTGELFF,940
CASSLRVNTEAFF,940
CASSLDGYGYTF,940
CASSLSGGYEQYF,939
CASSPGGSYNEQFF,939
CASSSGQGAYEQYF,938
CASSSTGGTEAFF,938
CASSLRGTGELFF,938
CASSPGTGGNQPQHF,937
CASSPPSSYEQYF,937
CASSLAGGNTGELFF,936
CASSQGSNQPQHF,936
CASSSTGELFF,936
CASSLGSNYGYTF,936
CASSLEGDTQYF,935
CASSRTGELFF,935
CASSPGTSGYEQYF,935
CASSLAGGTYEQYF,935
CASSLTSGSYNEQFF,935
CASSPTGGTEAFF,935
CASSFGRNTEAFF,935
CASSPGAYEQYF,934
CASSFSGNTEAFF,934
CASSRGTGELFF,933
CASSLRGNYGYTF,933
CASSFGNQPQHF,933
CASSLQGAYEQYF,933
CASSLAGGRETQYF,933
CASSLGQGDGYTF,933
CASSLVADTQYF,933
CASSLANEQFF,932
CASSLAGGGETQYF,932
CASSASTDTQYF,932
CASSLEGTDTQYF,932
CASSLGGVNTEAFF,932
CASSLQGTEAFF,932
CASSPGLAGYNEQFF,931
CASSLGGSTEAFF,931
CASSPPSYEQYF,931
CASSLEGTEAFF,931
CASSLQGDTEAFF,931
CASSLGTGNYGYTF,931
CASSQGQGYEQYF,931
CASSLVGEQYF,930
CASSNTGELFF,930
CASSLGGANVLTF,930
CASSLTETQYF,930
CASSLGTGPYEQYF,929
CASSRDSTDTQYF,929
CASSPTTDTQYF,929
CASSPSGNTIYF,928
CASSLGGTQYF,928
CASSSGLNTEAFF,928
CASSLWGNTEAFF,928
CASSLGTNYGYTF,928
CASSFGGTDTQYF,928
CASSLGLAYEQYF,927
CASSLDRGNQPQHF,927
CASSLGQGSNQPQHF,926
CASSLQGLNTEAFF,926
CASSLGSDTQYF,926
CASSLRGGNTEAFF,926
CASSPPGTDTQYF,925
CASSYGGNTEAFF,925
CASSQGGETQYF,925
CASSFSGNTIYF,925
CASSLGQVNTEAFF,925
CASSLGRGNTEAFF,925
CASSLETQYF,924
CASSESYEQYF,924
CASSLTGMNTEAFF,924
CASSLANTGELFF,924
CASSLRGQETQYF,924
CASSSSGSSYNEQFF,924
CASSQYNEQFF,923
CASSPGQLNTEAFF,923
CASSSRYEQYF,923
CASSPTGSYEQYF,923
CASSGSTDTQYF,923
CASSPGLSYEQYF,923
CASSSYTDTQYF,922
CASSLGQANTEAFF,922
CASSLQGANTEAFF,922
CASSLVGGETQYF,922
CASSLENTEAFF,921
CASSLDNYGYTF,921
CASSLGQGGYGYTF,921
CASSTQETQYF,921
CASSGTDTQYF,921
CASSLYYEQYF,921
CASSLGQGGGYTF,921
CASSIGETQYF,920
CASSLSGYGYTF,920
CASSPRDSSYEQYF,920
CASSLGQPQHF,920
CASSLGQGGETQYF,920
CASSWTGNTEAFF,919
CASSLGVQETQYF,919
CASSLGLAGETQYF,918
CASSLGGAGANVLTF,917
CASSLGGGSTDTQYF,917
CASSRDRSYEQYF,917
CASSPGPNTEAFF,917
CASSPGTGNYGYTF,917
CASSPGGGNQPQHF,917
CASSGTGNQPQHF,917
CASSSGQNTEAFF,917
CASSLAGGGTDTQYF,917
CASSLSGGSYEQYF,916
CASSPGVNTEAFF,916
CASSVGDTQYF,916
CASSLTGYGYTF,915
CASSLGRTDTQYF,915
CASSLEGSYEQYF,915
CASSPGLAGTDTQYF,915
CASSRDSYNEQFF,915
CASSLVQETQYF,914
CASSLGDEQFF,914
CASSVYNEQFF,914
CASSLGPDTQYF,914
CASSRQGGTEAFF,914
CASSPPGETQYF,913
CASSLDRGSYEQYF,913
CASSLGGYSNQPQHF,913
CASSRDYEQYF,912
CASSLTGTYEQYF,912
CASSLVVNTEAFF,912
CASSLEGGNQPQHF,912
CASSYSGNTEAFF,911
CASSTGYEQYF,911
CASSLTGLNTEAFF,911
CASSQGTDTQYF,911
CASSYRGNTEAFF,911
CASSLQVNTEAFF,911
CASSRTYEQYF,911
CASSFGQGYEQYF,911
CASSLGLAGGETQYF,911
CASSPYTGELFF,910
CASSFGGSSYEQYF,910
CASSLGLSTDTQYF,910
CASSLGTANYGYTF,909
CASSQSTDTQYF,909
CASSTTDTQYF,909
CASSYGGTEAFF,908
CASSRGGNTEAFF,908
CASSLGGSYGYTF,908
CASSLGQSNQPQHF,908
CASSQDYEQYF,908
CASSLDRGETQYF,907
CASSPTGNQPQHF,907
CASSFGSYEQYF,907
CASSLGSSGANVLTF,907
CASSPYQETQYF,907
CASSLGQYEQYF,907
CASSLTGGETQYF,907
CASSFGTGELFF,907
CASSLAGGEQYF,907
CASSLSQETQYF,906
CASSLGRDTEAFF,905
CASSRTENTEAFF,905
CASSLTLNTEAFF,905
CASSPLYEQYF,905
CASSLTGSGNTIYF,905
CASSLVGNQPQHF,904
CASSPDRGNQPQHF,904
CASSSSNQPQHF,904
CASSLVLNTEAFF,904
CASSLYTGELFF,904
CASSLAGAYNEQFF,904
CASSPNYEQYF,904
CASSLDMNTEAFF,903
CASSLGLNTGELFF,903
CASSLNEKLFF,903
CASSPLGETQYF,903
CASSDGYEQYF,903
CASSPGSTDTQYF,903
CASSRDRGETQYF,902
CASSLSGNEQFF,902
CASSSGNQPQHF,902
CASSLQGTGELFF,902
CASSLGRSSYEQYF,902
CASSSGQNYGYTF,901
CASSPEETQYF,901
CASSLQGSGNTIYF,901
CASSLANYGYTF,901
CASSLGQNQPQHF,900
CASSSGQGTDTQYF,900
CASSLTNTGELFF,900
CASSLGQGAYNEQFF,900
CASSLSGGNTEAFF,899
CASSPGQGETQYF,899
CASSLGTYNEQFF,899
CASSSGGNTEAFF,898
CASSLSGTEAFF,897
CASSPKETQYF,897
CASSQADTQYF,897
CASSLQGNEQFF,897
CASSPGGSNQPQHF,896
CASSRGNEQFF,896
CASSLTSGSTDTQYF,896
CASSLYTDTQYF,896
CASSRAYEQYF,896
CASSLRGYGYTF,895
CASSLVGGTDTQYF,894
CASSYGNTEAFF,894
CASSFDRNTEAFF,894
CASSLSGGSYNEQFF,894
CASSLRGSGANVLTF,893
CASSLRQNTEAFF,893
CASSGTGNTEAFF,893
CASSLQGDYGYTF,893
CASSLERNTEAFF,892
CASSSQGGTEAFF,892
CASSLGQNYEQYF,892
CASSLDGSSYNEQFF,892
CASSPGTGELFF,892
CASSRQGAYEQYF,891
CASSPTSYEQYF,891
CASSLAGGPDTQYF,891
CASSPGTAYGYTF,891
CASSLGAEAFF,891
CASSRTGSSYEQYF,891
CASSQQGYEQYF,890
CASSRTGNYGYTF,890
CASSLEGQPQHF,890
CASSPSYNEQFF,890
CASSPDRNQPQHF,890
CASSDSNQPQHF,890
CASSLGPYNEQFF,890
CASSLGGTNEKLFF,890
CASSPGNYGYTF,890
CASSLGRTYEQYF,889
CASSLGPNTGELFF,889
CASSITDTQYF,889
CASSLGASTDTQYF,889
CASSSTGNYGYTF,889
CASSRDSYGYTF,888
CASSPQGGTEAFF,888
CASSLLGQPQHF,888
CASSLDYGYTF,887
CASSLAGGYGYTF,887
CASSFRGTEAFF,887
CASSLGNYEQYF,886
CASSPGQGGYGYTF,886
CASSLTGDQPQHF,886
CASSPPTDTQYF,886
CASSQGMNTEAFF,886
CASSSSYNEQFF,885
CASSLDRVNTEAFF,885
CASSPGTGVYEQYF,885
CASSPGGEQYF,884
CASSVSTDTQYF,884
CASSLGGGNEQFF,884
CASSLANTEAFF,884
CASSLGRSTDTQYF,884
CASSDYNEQFF,884
CASSLAADTQYF,883
CASGYEQYF,883
CASRDSSYEQYF,883
CASSVGGTDTQYF,883
CASSLGGGDTQYF,883
CASSSGPYEQYF,883
CASRENTEAFF,883
CASSQGQNTEAFF,882
CASSFGVNTEAFF,882
CASSLGNSPLHF,882
CASSLVGGSYEQYF,882
CASGSYEQYF,882
CASSLTGNTGELFF,882
CASSLGRAYEQYF,882
CASRGQGNTEAFF,882
CASSQGNEQFF,881
CASSEGETQYF,881
CASSEYNEQFF,881
CASSSGGETQYF,881
CASSFSGSSYNEQFF,881
CASSLAGQPQHF,880
CASSLDSSGNTIYF,880
CASSLYQETQYF,880
CASSPYTDTQYF,880
CASSLTGQETQYF,880
CASSPGTSTDTQYF,880
CASSLRNEQFF,879
CASSLGGGGTEAFF,879
CASSQTDTQYF,879
CASSLTGTEAFF,878
CASSSGTSGYNEQFF,878
CASRSSYEQYF,878
CASSSTGGNQPQHF,878
CASSLRGDTEAFF,878
CASSYNEQFF,878
CASSLVGQPQHF,877
CASSGQETQYF,877
CASSLDRGEQYF,877
CASSLGQNNEQFF,877
CASSSSSYNEQFF,877
CASSFNTEAFF,877
CASSQGGYGYTF,877
CASSLSSSYEQYF,877
CVVSDRGSTLGRLYF,391
CAVRDSNYQLIW,279
CAVMDSNYQLIW,248
CASSIRSSYEQYF,145
CASSLAPGATNEKLFF,135
CILDNNNDMRF,133
CAVLDSNYQLIW,122
CAVSGNYAQGLTF,96
CAGGGSQGNLIF,95
CASSGFISGANVLTF,95
CASSQDTGNWGQRPDF,80
CAVSANYAQGLTF,73
CAMREGTGRRALTF,64
CAVSDNYAQGLTF,64
CASSYFGGSLSEQYF,64
CASSYSGSGADTQYF,57
CAVKDSNYQLIW,56
CASSSANYGYTF,53
CTCSAGTGGYNYAEQFF,51
CASSIRSAYEQYF,48
CALSGNTPLVF,47
CAVRDGDYKLSF,46
CAVRDLNARLMF,46
CAVTDSNYQLIW,46
CASSGDSAETLYF,46
CASSSVNEQYF,46
CAAMDSNYQLIW,42
CAVSNNYAQGLTF,40
CASSRDSAETLYF,39
CAVMDSSYKLIF,38
CASSGGANTGQLYF,37
CASSGGSNTGQLYF,37
CAYRSAYGNKLVF,35
CASSQSPGGTQYF,35
CALSEAGTGGSYIPTF,34
CAVVDSNYQLIW,33
CASSIRSTDTQYF,33
CAAPRETSYDKVIF,32
CASSMFVGQPQHF,32
CASSIVLAGSNEQFF,31
CASSQDSAETLYF,31
CASSLGGNQPQHF,30
CAVSDSNYQLIW,29
CASSSDSAETLYF,29
CASSLGPNTEAF,28
CAGMDSNYQLIW,27
CASSGRSTDTQYF,27
CASSLTDTQYF,26
CALSEVRSRGSTLGRLYF,25
CAVEDSNYQLIW,25
CAGAGGGSQGNLIF,24
CASMDSNYQLIW,24
CSVGTGGTNEKLFF,24
CASSLSTDTQYF,23
CASSPDSAETLYF,23
CSARGQGNEQFF,23
CAASINSGNTPLVF,22
CAGPLGGGSQGNLIF,22
CASSYYSNQPQHF,22
CAGNYGGSQGNLIF,21
CAYRSPPSSEKLVF,21
CASSFLGTGLNEQYF,21
CAALDSNYQLIW,20
CAASRGSNNRIFF,20
CATMDSNYQLIW,20
CAVNNARLMF,20
CAVSSNYAQGLTF,20
CILSNNNDMRF,20
CSARDRVGNTIYF,20
CALGGGSNYKLTF,19
CAPMDSNYQLIW,19
CASSKAETDEETQYFGPGTRL,19
CASSQISNERLFF,19
CAASGGSNYKLTF,18
CALPLRNDYKLSF,18
CAEDNNARLMF,17
CAVSHNYAQGLTF,17
CASSVRSSYEQYF,17
CAFKAAGNKLTF,16
CASSADRASAEAFF,16
CASSEESYLMNTEAFF,16
CASSEGSSGSTDTQYF,16
CASSGGGNTGQLYF,16
CASSPGTGGYNYAEQFF,16
CSARDGTGNGYTF,16
CASSSTGGGEKDQPQHF,16
CAMREQEDSNYQLIW,15
CARNTGNQFYF,15
CAVSANNYAQGLTF,15
CASSSETTSPLHF,15
CASSSQETQYF,15
CASSTRSTDTQYF,15
CAAKEGYSTLTF,15
CAAGGSQGNLIF,14
CAATGGNNKLTF,14
CAMRVSGGSNAKLTF,14
CATETQVVGQLTF,14
CAVSENYAQGLTF,14
CAVSSNYQLIW,14
CILRVGATGGNNKLTF,14
CASGGDSAETLYF,14
CASSEEEGGTQPQHF,14
CASSLDSAETLYF,14
CASSLYNEQF,14
CASSMRSTDTQYF,14
CASSTRSAYEQYF,14
CSASLPRGQETQYF,14
CALQTGANNLFF,13
CALVNNAGNMLTF,13
CAMRGSGGSNAKLTF,13
CAVIDSNYQLIW,13
CLVGGELTGGGNKLTF,13
PDQGGQKLVF,13
CAISEIQAGTYNEQFF,13
CASSDTSGGDTQYF,13
CASSGTSGGYNEQFF,13
CASSRDSSYEQYF,13
CASSTGNYGYTF,13
CASSVVERAFF,13
CSAPDSGSTDTQYF,13
CSARDRTGNGYTF,13
CSARDSTGNGYTF,13
CAIGPGNMLTF,13
CASSQTQLWETQYF,13
CAVGGGADGLTF,13
CAGAGSQGNLIF,12
CAGSGGYQKVTF,12
CALGEGSNYQLIW,12
CAMIFNDYKLSF,12
CAVADSNYQLIW,12
CAVNPPQGSARQLTF,12
CASSHGQGQGYGYTF,12
CASSLRSSYEQYF,12
CALSEARGGATNKLIF,12
CALSSRGSTLGRLYF,12
CASSLGVAGTNTGELFF,12
CASSPSGLAGSNLGNEQFF,12
CASSSVNEQFF,12
CAAFRNNNARLMF,11
CAMGGSGGSQGNLIF,11
CAVNTDKLIF,11
CAVSYMNYGGSQGNLIF,11
CASSARSTGELFF,11
CASSIRASNEQFF,11
CASSIRASYEQYF,11
CASSQERGGKWAYEQYF,11
CASSQQQGGGYTF,11
CASSRLGTSAETLYF,11
CASSTRSSYEQYF,11
CSARDLGGGDTGELFF,11
CSAREEGTQAWETQYF,11
CTCSGGTGGYNYAEQFF,11
CALSGFYNTDKLIF,11
CAFMSHQGAQKLVF,10
CAGADGGSQGNLIF,10
CALVPSNTNKVVF,10
CATDTGNYKYVF,10
CAVQDSNYQLIW,10
CAVSSNYNVLYF,10
CAVSYNYAQGLTF,10
CGADRGGTASKLTF,10
CILSGGSNYKLTF,10
CLVGVMEYGNKLVF,10
CASSFRDSAETLYF,10
CASSLGQAYEQYF,10
CASSPLRGPADRTGTEAFF,10
CASSSRSSYEQYF,10
CASSSYEQYF,10
CASSWDSAETLYF,10
CSAGASRGGNNEQFF,10
CSARVGVGNTIYF,10
CASPGLAGEYEQYF,10
CASRPGLAGGRPEQYF,10
CASSFSGNTGELFF,10
CASSLMRGGTYNSPLHF,10
CASSRDTVNTEAFF,10
CAVNRDDKIIF,10
CAVSGGGADGLTF,10
CILWVAAGNKLTF,10
CSVDLEANYGYTF,10
CACMDSNYQLIW,9
CAGALGSSNTGKLIF,9
CALAGSARQLTF,9
CASSGLSSGGSYIPTF,9
CASYGGATNKLIF,9
CAVGDDKIIF,9
CAVNSNYQLIW,9
CVVTDRGSTLGRLYF,9
CASGRLGSAETLYF,9
CASSFGTGGYEQYF,9
CASSGGTGYEQYF,9
CASSLGGYEQYF,9
CASSLIRGSYEQYF,9
CASSLWAGHGYTF,9
CASSPGGEGEQYF,9
CASSTSAANQPQHF,9
CASSVGQHNEQFF,9
CASSVWGTDTQYF,9
CASTGGAGAGANVLTF,9
CSAIYREGNTGELFF,9
CSARDQTGNGYTF,9
CSARDRNYGYTF,9
CSVRSGNEQFF,9
CAASETSYDKVIF,9
CADSGGGADGLTF,9
CASSLEWGGETQYF,9
CASSLWEKLAKNIQYF,9
CASSPRDRERGEQYF,9
CASSQEWLAVSTDTQYF,9
CASSVRSSMNTEAFF,9
CASSWGGGSHYGYTF,9
CATSTGDSNQPQHF,9
CAVGDNFNKFYF,9
CAVPDNYGQNFVF,9
CAVRDDKIIF,9
CAVRSSGGSYIPTF,9
CAGASPGGSNYKLTF,8
CAKNAGGTSYGKLTF,8
CALDGVRSASKIIF,8
CALGDGTGGYKVVF,8
CALSGWATDSWGKLQF,8
CALTPNYNQGKLIF,8
CATDGGGGSQGNLIF,8
CAVDNNNDMRF,8
CAVEPVGGNTPLVF,8
CAVGGSQGNLIF,8
CAVIYGNQFYF,8
CAVKTSYDKVIF,8
CAVRDTNTGKSTF,8
CAVSTNYAQGLTF,8
CAVSVNYAQGLTF,8
CAYMDSNYQLIW,8
CAYRSASDRTSGSRLTF,8
CIALMDSNYQLIW,8
CASGGDSSAETLYF,8
CASGLDIPSEKLFF,8
CASSAAGARDGYTF,8
CASSAQGSYAEQF,8
CASSFQGYTEAFF,8
CASSFRSTDTQYF,8
CASSGTGQDTQYF,8
CASSIDGTAYEQYF,8
CASSIGGEVFF,8
CASSLAPGATNEKLF,8
CASSLASAGYNEQFF,8
CASSLGSQNTLYF,8
CASSLRSTDTQYF,8
CASSLWVGGSSGANVLTF,8
CASSPFRDRGTGELF,8
CASSPLGSSAETLYF,8
CASSPRGDSGNTIYF,8
CASSQEVGNTGQLYF,8
CASSRRTSGGTDTQYF,8
CASTPGQALNEQYF,8
CATGTGSSAETLYF,8
CATRIGWGTDTQYF,8
CAWSISDSSRVEAFF,8
CSARDTLGGSYNEQFF,8
CSAREGTTQETQYF,8
CSARFVGPNEQFF,8
CSARLAGGQETQYF,8
CSARRDSYNEQFF,8
CAGSYGGSQGNLIF,8
CALRAGNQFYF,8
CAMKSTNAGKSTF,8
CAMNPAWGGATNKLIF,8
CAMRGDSSYKLIF,8
CARGGGFKTIF,8
CASRTGLASTDTQYF,8
CASSEVVSTTYEQYF,8
CASSPVTGGGSGANVLTF,8
CAVRDNYGQNFVF,8
CILRDLNAGGTSYGKLTF,8
CAASDSGGSNYKLTF,7
CAASKGGGSRLTF,7
CAASKGSNNRIFF,7
CAGPMKTSYDKVIF,7
CALNSGGSNYKLTF,7
CALSASNTNKVVF,7
CAMRANSGTYQRF,7
CAMRGNSGTYQRF,7
CAPLDSNYQLIW,7
CATRTGGYKVVF,7
CAVGNNYAQGLTF,7
CAVNSDGQKLLF,7
CAVRDRDYKLSF,7
CAVSLNYAQGLTF,7
CAVTGDDKIIF,7
CAVVSGGFKTIF,7
CILPLAGGTSYGKLTF,7
CVVSAPPGVTGGGNKLTF,7
CVVSDSGAGNNRKLIW,7
CVVSVQTGANNLFF,7
CASSADSAETLYF,7
CASSAGTGGYNYAEQFF,7
CASSDFRAQYF,7
CASSEAGGTDTQYF,7
CASSESFGGSNEQFF,7
CASSETGNLLEQYF,7
CASSFAGTTEAFF,7
CASSFRGDYAEQFF,7
CASSFTGTGIEAFF,7
CASSGESAETLYF,7
CASSIGDEQYF,7
CASSIRAAYEQYF,7
CASSIRTGNEQYF,7
CASSLDRGEVFF,7
CASSLGTESNQPQHF,7
CASSLIGVSSYNEQFF,7
CASSLLSGTSLRVTGELFF,7
CASSLRGDNQAPLF,7
CASSMRSSYEQYF,7
CASSNAPMNTEAFFGQGTR,7
CASSQDGSGGLGEQFF,7
CASSQDMGKLFF,7
CASSQGGGGTDTQYF,7
CASSQGSYGYTF,7
CASSRLGASAETLYF,7
CASSVRSTGELFF,7
CATSDLQDTGELFF,7
CATSRGGTGPYNEQFF,7
CSVGTGGTNEKLF,7
CTCSGDSAETLYF,7
CAASGYDYKLSF,7
CAASMDSNYQLIW,7
CAFLGGANNLFF,7
CAGLNYGGSQGNLIF,7
CALNQAGTALIF,7
CALNTGGFKTIF,7
CAMRSTGNQFYF,7
CASGMTGLTSEQYF,7
CASKAAGNKLTF,7
CASSLGQDGYTF,7
CASSLRDGSEAFF,7
CASSQDPSRTYEQYF,7
CASSSLNTEAFF,7
CASSTDRAAQPQHF,7
CATEGASGGSYIPTF,7
CAVDLMKTSYDKVIF,7
CAVDNYGQNFVF,7
CAVHGYGQNFVF,7
CAVIQINDYKLSF,7
CAVKAAGNKLTF,7
CAVNNYGQNFVF,7
CAVNSGGYQKVTF,7
CAVPNFGNEKLTF,7
CAVSLSGGYNKLIF,7
CAAIMGTASKLTF,6
CAASNYGSSGNKLIF,6
CAFMIGAGGTSYGKLTF,6
CAGAFGSSNTGKLIF,6
CAGASGSSNTGKLIF,6
CAGGTSYGKLTF,6
CAGNTDKLIF,6
CALKAAGNKLTF,6
CALRRNNDMRF,6
CALSEADSWGKLQF,6
CALSGRLSYNQGGKLIF,6
CAMREGKGGGSNYKLTF,6
CAMREVFNDYKLSF,6
CAMSEGTGGYKVVF,6
CASQSNTGNQFYF,6
CAVCDSNYQLIW,6
CAVEDNAGNMLTF,6
CAVFYGNKLVF,6
CAVGGATNKLIF,6
CAVLNSNYQLIW,6
CAVNADGQKLLF,6
CAVRDGNYQLIW,6
CAVRDISARLMF,6
CAVRDQEGNTPLVF,6
CAVSGNYQLIW,6
CAVSSNTNKVVF,6
CAVTAGGTSYGKLTF,6
CAVTANQAGTALIF,6
CAVTTDSWGKLQF,6
CIRYGGSQGNLIF,6
CVLSASSNNRIFF,6
CAIRKQGAHTEAFF,6
CASGDDSAETLYF,6
CASRGGANTGQLYF,6
CASSARTSGGSDTQYF,6
CASSDHRNTEVFF,6
CASSFVDSSYEQYF,6
CASSGGSAETLYF,6
CASSGTGEDTQYF,6
CASSHDSAETLYF,6
CASSIGSYGYTF,6
CASSIGVYGYTF,6
CASSIRSGYEQYF,6
CASSIRSTGELFF,6
CASSISSINEQFF,6
CASSLATSGGGSDTQYF,6
CASSLEAISNYNEQFF,6
CASSLSENYGYTF,6
CASSLSGDYGYTF,6
CASSPGLGSAETLYF,6
CASSPGRGYTF,6
CASSPRQGGTGELF,6
CASSPTDSNQPQHF,6
CASSQSPGGEQYF,6
CASSQVRDRGAEQF,6
CASSRSLALRGDEQFF,6
CASSSSGGASDTQYF,6
CASSYATGIPDTQYF,6
CASTLYGNEQFF,6
CATSFPPGGLNGYTF,6
CAWSISDLAKNIQYF,6
CRRDXRPTDTQYF,6
CSARDGGKFYGYTF,6
CSARDNYEQYF,6
CSARVIGVNEQFF,6
CSVAGQGTYGYTF,6
CTCSAGTGGFNYAEQFF,6
CAASAAGNQFYF,6
CAETHSGGSNYKLTF,6
CAFMINAGGTSYGKLTF,6
CAGNTGNQFYF,6
CALKLIKAAGNKLTF,6
CALLNRDDKIIF,6
CAMRRPSGGYNKLIF,6
CAQTGANNLFF,6
CAREHMDSNYQLIW,6
CASRVGNTEAFF,6
CASRVSGSLSYNEQFF,6
CASSARSGELFF,6
CASSARSSYEQYF,6
CASSHLGGDRYMNEQFF,6
CASSLDTQYF,6
CASSLGFTDTQYF,6
CASSPGGLAGADTQYF,6
CASSQLGRGDNEQFF,6
CASSQRSTGELFF,6
CASSRDFVSNEQYF,6
CASSRTGTSYEQYF,6
CASSSDPRYGYTF,6
CASSVAVGTGSGANVLTF,6
CAVAGGTSYGKLTF,6
CAVDPMDTGRRALTF,6
CAVLNYGGSQGNLIF,6
CAVNAGNMLTF,6
CAVNWEEQGGSYIPTF,6
CAVPGSQGNLIF,6
CAVPSGAGSYQLTF,6
CAVPSGGYNKLIF,6
CAVQDLGTSGSRLTF,6
CAVRNDYKLSF,6
CAVSAASGGSYIPTF,6
CAVSNTGNQFYF,6
CAVTNQAGTALIF,6
CAVTRDDKIIF,6
CAVYSGGGADGLTF,6
CAWTGTGKIGWDSPLHF,6
CAWVLGPAGDTQYF,6
CAYGGSQGNLIF,6
CGAAGNMLTF,6
CSARDLEVLSYEQYF,6
CSASPGDYEQYF,6
CSVSASGGDEQYF,6
CVGRKGSARQLTF,6
CAAEASSSFSKLVF,5
CAAGQGGSAKLIF,5
CAANYGGSQGNLIF,5
CAAQGSQGNLIF,5
CAASGAGGYKVVF,5
CAASGSARQLTF,5
CAASRYGSSGNKLIF,5
CAASSLGDDKIIF,5
CADMDSNYQLIW,5
CAFMKLGSGNTGKLIF,5
CAFRAAGNKLTF,5
CAGAVGSSNTGKLIF,5
CAGRSGSARQLTF,5
CAGTFGNEKLTF,5
CAGVDSNYQLIW,5
CALSEPNTGFQKLVF,5
CALSESGANSKLTF,5
CALSGSNTNKVVF,5
CALSGTNTNKVVF,5
CALTPTGGGNKLTF,5
CAMNSGGYQKVTF,5
CAMREDDTNAYKVIF,5
CAMREGVTNAGKSTF,5
CAMRGDAGGTSYGKLTF,5
CAPRRSYNTDKLIF,5
CAPYGGATNKLIF,5
CASGGSQGNLIF,5
CASLTQGGSEKLVF,5
CATASFTDKLIF,5
CATDARTQVVGQLTF,5
CATDEGLTRLMF,5
CATGGGNKLTF,5
CATGPGTGNQFYF,5
CAVEGSRLTF,5
CAVEPWAGSNYQLIF,5
CAVGPNSGGSNYKLTF,5
CAVKDNFNKFYF,5
CAVKENAGNMLTF,5
CAVNENNNARLMF,5
CAVNQAGTALIF,5
CAVNSAGKSTF,5
CAVNTGFQKLVF,5
CAVNTGNQFYF,5
CAVRAYGSSGNKLIF,5
CAVRDGTGANNLFF,5
CAVRDNDYKLSF,5
CAVRTYNYGQNFVF,5
CAVSANYNVLYF,5
CAVSDDKIIF,5
CAVSRNYAQGLTF,5
CAVTGYSTLTF,5
CAYRRNTGTASKLTF,5
CIVRDQNNDMRF,5
CIVRPLTTSGTYKYIF,5
CLLGSNSGYALNF,5
CLVGGYNNNDMRF,5
CVVNDRGSTLGRLYF,5
CVVSVDQAGTALIF,5
CVVTGYSGGGADGLTF,5
CASGEDSAETLYF,5
CASGGTDSAETLYF,5
CASRDPGTVTEAFF,5
CASRDSANTEVFF,5
CASRGGTNTEAFFGQGTR,5
CASSAGLSTGNTGELFF,5
CASSALASGTDTQYF,5
CASSALQAYEQYF,5
CASSARTSGGTDTQYF,5
CASSDGQGVETQYF,5
CASSDGTGGDTQYF,5
CASSDLASGDTDTQYF,5
CASSDSSGANVLTF,5
CASSDSSGGANEQFF,5
CASSDSSGGATDTQYF,5
CASSDSSTDTQYF,5
CASSEASGGADTQYF,5
CASSEGGGYEQYF,5
CASSEGLNQPQHF,5
CASSEPGQGLTGELFF,5
CASSERGHQETQYF,5
CASSESDSDRTQGAYEQYF,5
CASSFEETQYF,5
CASSGQGWVDEQFF,5
CASSHSQGGAEKLFF,5
CASSIGLYGYTF,5
CASSISGTSGGETQYF,5
CASSLAGGYNEQFF,5
CASSLDSGSKAFF,5
CASSLEGQGAPGQPQHF,5
CASSLGGGSYEQYF,5
CASSLIGVRSQPQHF,5
CASSLLQSGGGYTF,5
CASSLRGAPGYTF,5
CASSLRRVTDTQYF,5
CASSLSGFEQYF,5
CASSLWAGETQYF,5
CASSPDRGEQYF,5
CASSPGLAGANEQFF,5
CASSPGPSSYEQYF,5
CASSPGQGYEQYF,5
CASSPLGQMNTEAFF,5
CASSPPGGSNEKLFF,5
CASSPQGGFVNGYTF,5
CASSPQRNTEAFF,5
CASSPRSTDTQYF,5
CASSQDGAGANVLTF,5
CASSQDLGGVYEQYF,5
CASSQLAANTGQLYF,5
CASSRLGSSAETLYF,5
CASSRPEDYNEQFF,5
CASSSNQPQHF,5
CASSSRASYEQYF,5
CASSSRSAYEQYF,5
CASSSRTGWGPGGELFF,5
CASSVAGGDEQFF,5
CASSVRSTDTQYF,5
CASSWGDEQYF,5
CASSWGGEQYF,5
CASSYPGQGEETQYF,5
CAVGAGATYEQYF,5
CAWTRGETETEKLFF,5
CSAKKGRETQYF,5
CSARDLGQGDTGELFF,5
CSVEGVGTNKFF,5
CSVERQNEQFF,5
CSVGAGGTNEKLFF,5
CSVGSGGTNEKLFF,5
CAAAETSYDKVIF,5
CAAARMDSSYKLIF,5
CAAKLSDSSYKLIF,5
CAALSHASKIIF,5
CAASGGYQKVTF,5
CAASSGGTSYGKLTF,5
CAATDNNARLMF,5
CAATDSWGKLQF,5
CAAYSGGGADGLTF,5
CAEIIYGNNRLAF,5
CAEIPNYGGSQGNLIF,5
CAEKTSYDKVIF,5
CAEMEGGSYIPTF,5
CAENGGGGADGLTF,5
CAFMKGAGGTSYGKLTF,5
CAFMSLIQGAQKLVF,5
CAFPSGTYKYIF,5
CAFTSGTYKYIF,5
CAGGGDGGSQGNLIF,5
CAGHTGNQFYF,5
CAGMNYGGSQGNLIF,5
CAGNTGTASKLTF,5
CAGPGSQGNLIF,5
CAGQNYGGSQGNLIF,5
CAHAPLDDMRF,5
CAHLQGAQKLVF,5
CALGDSGAGSYQLTF,5
CALNTGNQFYF,5
CALNYGGSQGNLIF,5
CALSEAGMDSNYQLIW,5
CALSEIGNAGGTSYGKLTF,5
CALSSGYSTLTF,5
CAMKKYNFNKFYF,5
CAMRDPQGGRRALTF,5
CAMRGPRGSTLGRLYF,5
CAMRRPISSGSARQLTF,5
CASDYGGSQGNLIF,5
CASNNNARLMF,5
CASNTGNQFYF,5
CASREIQGSGANVLTF,5
CASRGAGELFF,5
CASRPSGGAETQYF,5
CASSARTGVGYGYTF,5
CASSEGQGYEQYF,5
CASSETGGYEQYF,5
CASSISSTGELFF,5
CASSLASGRSTEAFF,5
CASSLEGYTEAFF,5
CASSLELGLAEAFF,5
CASSLEPSYEQYF,5
CASSLGGAEAFF,5
CASSLGGSEAFF,5
CASSLSFGTEAFF,5
CASSLVGGNEQFF,5
CASSLVGGTDEKLFF,5
CASSLVNGLGYTF,5
CASSLYSATGELFF,5
CASSMDRGSADTQYF,5
CASSMRSTGELFF,5
CASSNPRLDATGELFF,5
CASSPAGGTDTQYF,5
CASSPDIEQYF,5
CASSPLWVAGGRETQYF,5
CASSQDHRMGGHEKLFF,5
CASSRLAGGMDEQFF,5
CASSSGLAGVNEQFF,5
CASSSGLVSNTGELFF,5
CASSSRDGGTDTQYF,5
CASSSRQSEADTQYF,5
CASSVGQVFYSGTF,5
CASSVGTGDHQPQHF,5
CASSYSGSGELFF,5
CASTGSYGYTF,5
CASVGMDSSYKLIF,5
CATEGDSGYSTLTF,5
CATENSGGSNYKLTF,5
CATGTGDSNQPQHF,5
CATQGGSEKLVF,5
CAVDRGSTLGRLYF,5
CAVEGSQGNLIF,5
CAVEYGNKLVF,5
CAVGSNDYKLSF,5
CAVIIQGAQKLVF,5
CAVKPMFSGGYNKLIF,5
CAVKTGGYQKVTF,5
CAVMNRDDKIIF,5
CAVNDGGRLTF,5
CAVNFGGGKLIF,5
CAVNGNKLVF,5
CAVNRVRDARLMF,5
CAVNSGGSNYKLTF,5
CAVNSNDYKLSF,5
CAVNYGGSQGNLIF,5
CAVRDHSGNTPLVF,5
CAVRDNTDKLIF,5
CAVRDYGGSQGNLIF,5
CAVRMDSSYKLIF,5
CAVRSNFGNEKLTF,5
CAVRYGNNRLAF,5
CAVSGTYKYIF,5
CAVSNDYKLSF,5
CAVSPWGGYNKLIF,5
CAVTDGGSQGNLIF,5
CAVTDSWGKLQF,5
CAVYGGATNKLIF,5
CAWSETGLGMGGWQF,5
CGTEYPNDYKLSF,5
CSARDRAGKETQYF,5
CSARGLADPYEQYF,5
CVVNGGDSSYKLIF,5
CVVNRDDKIIF,5
CVVSENTGFQKLVF,5
CVVSRMDSSYKLIF,5
CAAETGGADRLTF,4
CAAIDDKIIF,4
CAAIFTGNQFYF,4
CAAPAPNYGGSQGNLIF,4
CAASAGGGSQGNLIF,4
CAASAQGGTSYGKLTF,4
CAASASSSFSKLVF,4
CAASENYNQGKLIF,4
CAASGGGADGLTF,4
CAASGGSALGRLHF,4
CAASLGGGADGLTF,4
CAASMVAGSGGGADGLTF,4
CAASSNTNKVVF,4
CAATDSNYQLIW,4
CAENMGGGSQGNLIF,4
CAERSGAGSYQLTF,4
CAESIGKLIF,4
CAESTGKLIF,4
CAEYGGATNKLIF,4
CAFGRGAQKLVF,4
CAFLSPFGNEKLTF,4
CAFLYPRGGSNYKLTF,4
CAFMDSNYQLIW,4
CAFRGSQGNLIF,4
CAFRNAGNMLTF,4
CAGALGSQGNLIF,4
CAGAPNTGNQFYF,4
CAGASDYKLSF,4
CAGASYNNNDMRF,4
CAGEGGGSQGNLIF,4
CAGLGDSGGSNYKLTF,4
CAGPHWDTGNQFYF,4
CAGPMYSGGGADGLTF,4
CAGPTKTSYDKVIF,4
CAGQLAGGSQGNLIF,4
CAGRETSGSRLTF,4
CAGTGGNNKLTF,4
CAGVDNDMRF,4
CAGVGGGSQGNLIF,4
CALGGGSNYQLIW,4
CALIQGAQKLVF,4
CALKGAAGNKLTF,4
CALKNPGQTGANNLFF,4
CALLNSGGYQKVTF,4
CALMDSNYQLIW,4
CALPANAGGTSYGKLTF,4
CALRDNNRIFF,4
CALSDGTGGYKVVF,4
CALSDRPSSGQKLVF,4
CALSLQTGANNLFF,4
CALVNPPGGYSTLTF,4
CAMREIDTGRRALTF,4
CAMRISGGSNAKLTF,4
CAMRSSGGSNAKLTF,4
CAMSAGNQGGKLIF,4
CAMTPPGGSQGNLIF,4
CAPEGAYAGGTSYGKLTF,4
CASHSGGYQKVTF,4
CATAGTQVVGQLTF,4
CATDPNTGGFKTIF,4
CATEAQVVGQLTF,4
CATGGSQGNLIF,4
CATPDAGNMLTF,4
CATPGTQVVGQLTF,4
CAVGAKEYGNKLVF,4
CAVGGDGGSQGNLIF,4
CAVGGGKLIF,4
CAVGYYNQGGKLIF,4
CAVISNDYKLSF,4
CAVITGGFKTIF,4
CAVKVEDSSYKLIF,4
CAVLLTSGTYKYIF,4
CAVNKSGGSNYKLTF,4
CAVNTGGFKTIF,4
CAVNTNAGKSTF,4
CAVQNAGGTSYGKLTF,4
CAVRDQDYKLSF,4
CAVRDSDYKLSF,4
CAVRGGGFKTIF,4
CAVRGSSNYQLIW,4
CAVRTSYDKVIF,4
CAVSADTNTGKLTF,4
CAVSDPANAGKSTF,4
CAVSDQGGNKLVF,4
CAVSGDDMRF,4
CAVSGNGGGTSYGKLTF,4
CAVSGSARQLTF,4
CAVSGSQGNLIF,4
CAVSGYSTLTF,4
CAVSTDKLIF,4
CAVTNNYAQGLTF,4
CAVTSNYNVLYF,4
CAVWWTSGSRLTF,4
CAYRSTGTYKYIF,4
CGADPLIYNQGGKLIF,4
CGNSGGGADGLTF,4
CILRDAPGGTSYGKLTF,4
CILRDVWSNFGNEKLTF,4
CIRDNNNDMRF,4
CIVRGLEYGNKLVF,4
CIVYGGSQGNLIF,4
CLVGDIQAGKSTF,4
CLVGMGSGTYKYIF,4
CSGGSHSRLMF,4
CTDNARLMF,4
CVVADRGSTLGRLYF,4
CVVYDRGSTLGRLYF,4
PPRAGNMLTF,4
SPWGYQKVTF,4
CAISESKGPGETQYF,4
CAISQNDRGGTEAFF,4
CASGDRDWGDEQYF,4
CASGGESAETLYF,4
CASGKGTEITGELFF,4
CASGLGQGGGADTQYF,4
CASGPSGGAGADTQYF,4
CASKGGGNTGQLYF,4
CASKGGSNTGQLYF,4
CASKTGGIREKLFF,4
CASRDWESSYEQYF,4
CASREVDSGAYEQYF,4
CASRGSGNEQFF,4
CASRGTDSAETLYF,4
CASRLDSGNEKLFF,4
CASRPLEDTQYF,4
CASRRQGRDNEQF,4
CASRSASNEQFF,4
CASRSDQPQHF,4
CASSAGTVSYEQYF,4
CASSARAYGYTF,4
CASSDAGGLYEQYF,4
CASSDDMYQETQYF,4
CASSDGQGNQNTLYF,4
CASSDRDTGELFF,4
CASSDSETGVSGANVLTF,4
CASSDVGRTSNQPQHF,4
CASSEAGTPSAKNIQYF,4
CASSEATGQNTGELFF,4
CASSEGDPSSEQYF,4
CASSEGGGPSIIQYF,4
CASSEGGSHGYTF,4
CASSEGHSGANVLTF,4
CASSELESYEQYF,4
CASSENTGELFF,4
CASSEQGNYAEQF,4
CASSEVGDNSPLHF,4
CASSFGGEVFF,4
CASSFGTESNQPQHF,4
CASSFGVWETQYF,4
CASSFQRGGGETQYF,4
CASSFTAYYGYTF,4
CASSFWGRDQDTQYF,4
CASSGGGEQYF,4
CASSGGRDNSYEQYF,4
CASSGLGSSAETLYF,4
CASSGNSAETLYF,4
CASSGQGGYEQYF,4
CASSGRNTGQLYF,4
CASSGTDSAETLYF,4
CASSHREGSLAQPQHF,4
CASSHTENTEAFF,4
CASSHTFDTEAFF,4
CASSIGDTSYEQYF,4
CASSIGYYGYTF,4
CASSIYSNQPQHF,4
CASSKLASGADEQYF,4
CASSLAGTETQYF,4
CASSLAGWQGDDYGYTF,4
CASSLAPGTTNEKLFF,4
CASSLARDEQYF,4
CASSLDSNQPQHF,4
CASSLEGQASSYEQYF,4
CASSLEGYTEAF,4
CASSLEQGNEQFF,4
CASSLESVSGNTIYF,4
CASSLGDEQYF,4
CASSLGGEQYF,4
CASSLGGEVFF,4
CASSLGGQNTLYF,4
CASSLGGTEAFF,4
CASSLGGVDQPQHF,4
CASSLGLAGANEQFF,4
CASSLGQGDDIQYF,4
CASSLGRVWRDTQYF,4
CASSLGYEQYF,4
CASSLNTEAF,4
CASSLRFTDTQYF,4
CASSLRNTGELFF,4
CASSLRQPNEKLFF,4
CASSLSGYEQYF,4
CASSLSYEQYF,4
CASSLVLAGGGEQYF,4
CASSLVQGNGEQFF,4
CASSLYSNQPQHF,4
CASSNLPGTVEAFF,4
CASSPDRGEVFF,4
CASSPGDYAEQFF,4
CASSPGQGPYEQYF,4
CASSPHGGPEQYF,4
CASSPLGASAETLYF,4
CASSPPDSAETLYF,4
CASSPQASGTEAFF,4
CASSPRDQKETQYF,4
CASSPRTSGTYEQYF,4
CASSPSRNTEAFF,4
CASSQDDSSSYEQYF,4
CASSQDRLTGGYTF,4
CASSQDRRNSYNSPLHF,4
CASSQDRWDVMSKNIQYF,4
CASSQDSSGANVLTF,4
CASSQDSSGGLGEQFF,4
CASSQDSYANTEVFF,4
CASSQEFGRGAFF,4
CASSQGAYGYTF,4
CASSQNRNTEVF,4
CASSQVSQEGYTF,4
CASSQWGLLTDTQYF,4
CASSRDTNSDYTF,4
CASSRGEVQDQPQHF,4
CASSRQGHQPQHF,4
CASSRRTSGGTDTQYF*,4
CASSSAWTGYEQYF,4
CASSSAYYGYTF,4
CASSSQAGESYEQYF,4
CASSSQVALAMRAYNEQFF,4
CASSSREGRDGYTF,4
CASSSRSTGELFF,4
CASSSSRDRYLGEQYF,4
CASSTGTESNQPQHF,4
CASSTGTGEYQPQHF,4
CASSTLRLRNIQYF,4
CASSTTGAAETTDTQYF,4
CASSVGGGSGANVLTF,4
CASSVGGVPYNEQFF,4
CASSVVGGNEQFF,4
CASSWGQGTSYTF,4
CASSYPNQPQHF,4
CASSYQGAATEAFF,4
CASSYSDPRDMNTEAFF,4
CASSYSISDNTEAFF,4
CASTDGGDSYTQYF,4
CASTLLASGSEGANVLTF,4
CASTRQGAYEQYF,4
CASTRTGYYNEQFF,4
CATLRASGGADTQYF,4
CATSRDNQPQHF,4
CAWMAGHQNSPLHF,4
CAWSEGVASYEQYV,4
CGARDGGGEVFF,4
CGARDLGSAETLYF,4
CSAGGQTYEQYF,4
CSAGRTEAFF,4
CSAGSGSYNEQFF,4
CSAPRQGEKLFF,4
CSARDRIGNGYTF,4
CSAREGGGAVGTQYF,4
CSARGTGSQPQHF,4
CSARGWTGGTDTQYF,4
CSARLGVGNTIYF,4
CSARLSGGESKNIQYF,4
CSARQGDTEAFF,4
CSARSGVGNTIYF,4
CSARSTGAGELFF,4
CSASGSGLAGFEQYF,4
CSVEDNRGDPQHF,4
CSVEGGQGANEQFF,4
CSVQGGFSQYF,4
CSVSAEDRFGSGAFF,4
CSVYSQGLEAFF,4
CTCSPGTGGYNYAEQFF,4
CAAGFMNYGGSQGNLIF,4
CAAMETSYDKVIF,4
CAAMNYGGSQGNLIF,4
CAANTGGFKTIF,4
CAANTGNQFYF,4
CAASASGGQFYF,4
CAASGGSYIPTF,4
CAASGNHDMRF,4
CAASGSQGNLIF,4
CAASGTYKYIF,4
CAASRGYSTLTF,4
CAASSAGAGSYQLTF,4
CAASSLSGSYIPTF,4
CAASVSIWTGTASKLTF,4
CAAWEGTGRRALTF,4
CAAYYSGGGADGLTF,4
CAEGGNTGKLIF,4
CAENAGGTSYGKLTF,4
CAENKREAGNTPLVF,4
CAENYGGSQGNLIF,4
CAESEGPTYTDKLIF,4
CAESGPDSWGKFQF,4
CAFDNARLMF,4
CAFGFNNARLMF,4
CAFIGDAGGTSYGKLTF,4
CAFMKDAGGTSYGKLTF,4
CAFMTNAGGTSYGKLTF,4
CAFNTNAGKSTF,4
CAGADGSSNTGKLIF,4
CAGAGNTGKLIF,4
CAGALGNQGGKLIF,4
CAGARSGSQGNLIF,4
CAGGHGGSQGNLIF,4
CAGGSQGNLIF,4
CAGGTGNQFYF,4
CAGKTSYDKVIF,4
CAGLDSNYQLIW,4
CAGMEYGNKLVF,4
CAGNDYGGATNKLIF,4
CAGQSGRVGGSQGNLIF,4
CAGSGGGSQGNLIF,4
CAIITGGGNKLTF,4
CAISDPGLAGGGGEQFF,4
CAISDSPNTGELFF,4
CALASRSDGQKLLF,4
CALDFSSGSARQLTF,4
CALGEETSGSRLTF,4
CALGGSQGNLIF,4
CALKTSYDKVIF,4
CALLAGNQFYF,4
CALMEYGNKLVF,4
CALNAGGTSYGKLTF,4
CALNAGNMLTF,4
CALSEADDDKIIF,4
CALSEALGGRRALTF,4
CALSEAQYGGATNKLIF,4
CALSGASGTALIF,4
CALTDYSGAGSYQLTF,4
CALTPGAAGNKLTF,4
CAMNYGGSQGNLIF,4
CAMRAIKAAGNKLTF,4
CAMREGSRRRDDKIIF,4
CAMRGPISGGYNKLIF,4
CAMRPPFRGGYNKLIF,4
CAMSLSNFGNEKLTF,4
CAMSRGGGADGLTF,4
CAMSRLEGDKLIF,4
CAPGETGANNLFF,4
CAPHKAAGNKLTF,4
CARMDSNYQLIW,4
CARQPLRGANVLTF,4
CASAPDGFFYGYTF,4
CASGLVEGDSKNIQYF,4
CASGTANTGELFF,4
CASKDGISYEQYF,4
CASKSEKGAGGSPLHF,4
CASLISGTDTQYF,4
CASNLKGSNYQLIW,4
CASRAGGNTGELFF,4
CASRLSGSAYEQYF,4
CASRPQQGHNSPLHF,4
CASRSKTGSKQPQHF,4
CASSAGTSGFGYNEQFF,4
CASSALAGNTEAFF,4
CASSARTGELFF,4
CASSDRMNTEAFF,4
CASSEAWGATNTGELFF,4
CASSEDGMNTEAFF,4
CASSEEAGEYNEQFF,4
CASSEFGRTNEKLFF,4
CASSEGQVSPGELFF,4
CASSELASGTDTQYF,4
CASSFEAGQGFFSNQPQHF,4
CASSFEPGQGFYSNQPQHF,4
CASSFGAGELFF,4
CASSFWPGRNLLWGYTF,4
CASSGGSYGYTF,4
CASSGRSADTQYF,4
CASSHTSADEQFF,4
CASSIRSAWAQYF,4
CASSITEGEDSVSTDTQYF,4
CASSIVGGNEQFF,4
CASSLAGGNNEQFF,4
CASSLDLSGGITDTQYF,4
CASSLFGGTYEQYF,4
CASSLFQGSGTEAFF,4
CASSLGDFLRTDTQYF,4
CASSLGGGGLTDTQYF,4
CASSLGGGLGNEQFF,4
CASSLGGGPQETQYF,4
CASSLGPEAFF,4
CASSLGQGLLYGYTF,4
CASSLGSAEAFF,4
CASSLLGGWSEAFF,4
CASSLNPVNTEAFF,4
CASSLPGTGGSPLHF,4
CASSLRSTGELFF,4
CASSLSSGTYEQYF,4
CASSLTSVYNEQFF,4
CASSLVGQLDEQYF,4
CASSLVPGIAEAFF,4
CASSLYAGASEKLFF,4
CASSMGSYGYTF,4
CASSPDIEAFF,4
CASSPGTNYGYTF,4
CASSPHRNTEAFF,4
CASSPLAGVSDTQYF,4
CASSPLGGGNTGELFF,4
CASSPLPRLAGEETQYF,4
CASSPMDTQYF,4
CASSPPGGGNTGELFF,4
CASSPRGGVEKTQYF,4
CASSPRTGNTGELFF,4
CASSPSRDREFLYIQYF,4
CASSPSSSYEQYF,4
CASSQDGWAGDQPQHF,4
CASSQEGGFTDTQYF,4
CASSQGPGTVHEKLFF,4
CASSQGRDRHGYTF,4
CASSQRPSEVGELFF,4
CASSQSPGGIQYF,4
CASSQVPGQGPNYGYTF,4
CASSRDRGEDTQYF,4
CASSSAHYGYTF,4
CASSSGLAGGNEQFF,4
CASSSPGENTGELFF,4
CASSSRDSQNQPQHF,4
CASSTGTAAYEQYF,4
CASSTLRVGGRTEAFF,4
CASSTPGQGAGEQFF,4
CASSTRSSETQYF,4
CASSTRSTGELFF,4
CASSTTAGDTEAFF,4
CASSVDSGSDYEQYF,4
CASSVLYLNEQFF,4
CASSVRTGELFF,4
CASSVTSSRGGTDTQYF,4
CASSWLSNQPQHF,4
CASSYEPGQVSHYSNQPQHF,4
CASSYGAGGYNEQFF,4
CASSYGRAYEQYF,4
CASSYLPGQGDHYSNQPQHF,4
CASSYVGNTGELFF,4
CASTGTSGGPTLRDEQFF,4
CASWGPYNAGNMLTF,4
CASYYNTDKLIF,4
CATDRAGSARQLTF,4
CATSDFRDSSNEQFF,4
CATSDRLAGGELFF,4
CATSGAAYSGANVLTF,4
CATSGTEGTDTQYF,4
CATSPGGGRDLYEQYF,4
CATSPNRAYEQYF,4
CAVAFGNQFYF,4
CAVALWARLMF,4
CAVANQAGTALIF,4
CAVDGGGGSQGNLIF,4
CAVDSGGGADGLTF,4
CAVEAAGNKLTF,4
CAVEGPTDSWGKFQF,4
CAVEPLYGNKLVF,4
CAVEVEYGNKLVF,4
CAVFLYGNNRLAF,4
CAVFMDSNYQLIW,4
CAVFNAGGTSYGKLTF,4
CAVGGLVFGNEKLTF,4
CAVGGYSTLTF,4
CAVGNNAGNMLTF,4
CAVGNQGGKLIF,4
CAVISNFGNEKLTF,4
CAVKASGSRLT,4
CAVKETSGSRLTF,4
CAVLGGGADGLTF,4
CAVLNNARLMF,4
CAVLRMDSSYKLIF,4
CAVMKDPNAGGTSYGKLTF,4
CAVMNYGGSQGNLIF,4
CAVNAGGTSYGKLTF,4
CAVNGDDKIIF,4
CAVNGGGGSQGNLIF,4
CAVNGLAGPTDTQYF,4
CAVNLGGGSQGNLIF,4
CAVNSGYSTLTF,4
CAVPTTSGTYKYIF,4
CAVQASGGSYIPTF,4
CAVQGAQKLVF,4
CAVQGSQGNLIF,4
CAVQTGANNLFF,4
CAVRDAHNNAGNMLTF,4
CAVRDGGMGSNTGKLIF,4
CAVRDGNNRLAF,4
CAVRERDYKLSF,4
CAVRGRDDKIIF,4
CAVRGYNAGNMLTF,4
CAVRLPNDYKLSF,4
CAVRPTSGGSYIPTF,4
CAVRSNDYKLSF,4
CAVRSSGSARQLTF,4
CAVRTSGTYKYIF,4
CAVRVDSNYQLIW,4
CAVSDSWGKLQF,4
CAVSERSNYQLIW,4
CAVSGAGSYQLTF,4
CAVSGNTPLVF,4
CAVSNYQLIW,4
CAVSPNDYKLSF,4
CAVSRGSTLGRLYF,4
CAVTGGFKTIF,4
CAVTGGYQKVTF,4
CAVTSGGYNKLIF,4
CAVTSGTYKYIF,4
CAVVRWETSGSRLTF,4
CAWSETGLGTGELFF,4
CAWSGRAGVSNEQFF,4
CAYRAPRGNEKLTF,4
CAYRRGRNAGGTSYGKLTF,4
CAYRSLTSGTYKYIF,4
CAYSTNAGGTSYGKLTF,4
CAYYGGSQGNLIF,4
CGADSRYSSASKIIF,4
CGLGDAGNMLTF,4
CGTDSNDYKLSF,4
CILGPSETSGSRLTF,4
CILRGDSGGGADGLTF,4
CIVRAPGRADMRF,4
CIVRGADQGAQKLVF,4
CIVRVNAGNMLTF,4
CLVGDMRSGAGSYQLTF,4
CSAGGNTEAFF,4
CSAGSGTRGETQYF,4
CSAMTSGSSYEQYF,4
CSARDGRREYEQYF,4
CSARDINRGSYEQYF,4
CSARVSPEGGPENYGYTF,4
CSARWGGGTDTQYF,4
CSASGPGLYYNEQFF,4
CSVVGNYGYTF,4
CVGYTNAGKSTF,4
CVVNDYKLSF,4
CVVNRNNDMRF,4
CVVNTNAGKSTF,4
CVVNWPGDMRF,4
CVVSDVNTDKLIF,4
CAAADSNYQLIW,3
CAAAINNAGAKLTF,3
CAAANSGTYQRF,3
CAADDSGYNKLTF,3
CAADLYGGSQGNLIF,3
CAADRTGGGNKLTF,3
CAAEGGTYKYIF,3
CAAENPARQLTF,3
CAAFQGAQKLVF,3
CAAGGGADGLTF,3
CAAIGAPTARQLTF,3
CAALNTDKLIF,3
CAARVLGSQGNLIF,3
CAASADYGQNFVF,3
CAASAGNTGKLIF,3
CAASAIGGADGLTF,3
CAASASSGSWQLIF,3
CAASDSNNRIFF,3
CAASDSNYQLIW,3
CAASDYGSSGNKLIF,3
CAASEGGFKTIF,3
CAASGAGTASKLTF,3
CAASGGSNAKLTF,3
CAASGGSQGNLIF,3
CAASGGYKVVF,3
CAASGSQTGANNLFF,3
CAASKAGNTPLVF,3
CAASKGGGSYIPTF,3
CAASKGGSQGNLIF,3
CAASKSYGKLTF,3
CAASQGGSAKLIF,3
CAASQGLTGNTGKLIF,3
CAASRGGSQGNLIF,3
CAASRGGYSTLTF,3
CAASSNQGGKLIF,3
CACRTGANSKLTF,3
CADHTGGFKTIF,3
CADYYGQNFVF,3
CAEARAYGGSQGNLIF,3
CAEAYNAGNMLTF,3
CAEGDSWGKLQF,3
CAEKGGTALIF,3
CAELGNDMRF,3
CAENGNQGGKLIF,3
CAENSGGSNYKLTF,3
CAERGSNYQLIW,3
CAEYSSASKIIF,3
CAFDNRKLIW,3
CAFGGGGSQGNLIF,3
CAFKAAGNKLTF*,3
CAFMNKGGSEKLVF,3
CAFMNRRGSTLGRLYF,3
CAGAAGSSNTGKLIF,3
CAGADNQGGKLIF,3
CAGAHGSSNTGKLIF,3
CAGAIGSSNTGKLIF,3
CAGASGNTGKLIF,3
CAGAYGGSQGNLIF,3
CAGGGGADGLTF,3
CAGGGSSNTGKLIF,3
CAGGRGSTLGRLYF,3
CAGINNNDMRF,3
CAGPIQGAQKLVF,3
CAGPSGTYKYIF,3
CAGPTGGSYIPTF,3
CAGQLGGGSQGNLIF,3
CAGSASKIIF,3
CAGSHGGSQGNLIF,3
CAGVDSWGKFQF,3
CAHKAAGNKLTF,3
CALALYGSSGNKLIF,3
CALAPSNTNKVVF,3
CALCGGSNYKLTF,3
CALDMGGGSQGNLIF,3
CALGAGSNYQLIW,3
CALGAQGGRALIF,3
CALGDRGTGNYKYVF,3
CALGEGTGGYKVVF,3
CALGEGYNQGKLIF,3
CALGIGFGNVLHC,3
CALGNAGNMLTF,3
CALGTDGLTF,3
CALIPNYNQGKLIF,3
CALISNQAGTALIF,3
CALISSGSARQLTF,3
CALMTTDSWGKLQF,3
CALNNAGNMLTF,3
CALNSNSGYALNF,3
CALRCFGNEKLTF,3
CALRNAGNMLTF,3
CALRNYGSSGNKLIF,3
CALRQAGNMLTF,3
CALRVMNRDDKIIF,3
CALRVPNNDMRF,3
CALSDGNSGGYQKVTF,3
CALSDQDTGRRALTF,3
CALSEALGDKIIF,3
CALSELSIQGAQKLVF,3
CALSEYGNKLVF,3
CALSGGGGGNKLTF,3
CALSNQGGKLIF,3
CALSPTNFGNEKLTF,3
CALSYTGNYKYVF,3
CALTEGADRLTF,3
CALTQGGSEKLVF,3
CALTRLRQGAQKLVF,3
CALVGGSNYKLTF,3
CALVKVTDKLIF,3
CALYNTDKLIF,3
CALYSGGSNYKLTF,3
CAMIVLPGGSYIPTF,3
CAMRDAYGNNRLAF,3
CAMREGRGGGSNYKLTF,3
CAMREGYNAGNMLTF,3
CAMREKGNSGTYQRF,3
CAMRESGGSNAKLTF,3
CAMRESISSGSARQLT,3
CAMRRSGGYNKLIF,3
CAMSAGTASKLTF,3
CAMSAGTGKLIF,3
CAMSGDGGSQGNLIF,3
CANYGGATNKLIF,3
CARDDRKLIW,3
CARGYGSSGNKLIF,3
CARNTGNYKYVF,3
CARYGGATNKLIF,3
CASKAAGNKLTF*,3
CATAGGLPMNYGGATNKLIF,3
CATDADQGAQKLVF,3
CATDGLGDSNYQLIW,3
CATDGYSGAGSYQLTF,3
CATDPIQGGSEKLVF,3
CATDPTSLYGNKLVF,3
CATDYNTDKLIF,3
CATDYTGGFKTIF,3
CATGGGNTPLVF,3
CATLFNDYKLSF,3
CAVAASGSARQLTF,3
CAVDNTDKLIF,3
CAVDSGNTPLVF,3
CAVDSNYQLIW,3
CAVGDSNYQLIW,3
CAVGLFSGGYNKLIF,3
CAVGNSGTYQRF,3
CAVGTTYGNKLVF,3
CAVGVDRGSTLGRLYF,3
CAVGVSGGYNKLIF,3
CAVKEWGKLVF,3
CAVLDSSYKLIF,3
CAVLGSSNTGKLIF,3
CAVMDDKIIF,3
CAVNAPTDSWGKLQF,3
CAVNDYKLSF,3
CAVNRPMNYGGATNKLIF,3
CAVPNQAGTALIF,3
CAVPNSGNTPLVF,3
CAVPNSGYSTLTF,3
CAVRCFGNEKLTF,3
CAVRDETGGFKTIF,3
CAVRDRGSALGRLHF,3
CAVRDSGNTPLVF,3
CAVRDVKAAGNKLTF,3
CAVRDYTGTASKLTF,3
CAVREGKSNYQLIW,3
CAVRENEKLTF,3
CAVRGRGSTLGRLYF,3
CAVRITGGGNKLTF,3
CAVRNNNARLMF,3
CAVRRGAQKLVF,3
CAVRRGGSQGNLIF,3
CAVSDYKLSF,3
CAVSGGSYIPTF,3
CAVSGNMGYKLTF,3
CAVSIEETSGSRLTF,3
CAVSINSAGNKLTF,3
CAVSSNNRIFF,3
CAVSTSYGKLTF,3
CAVSYGGSQGNLIF,3
CAVTDFQKLVF,3
CAVTGDKLIF,3
CAVTGTASKLTF,3
CAVTPSNTGKLIF,3
CAVTRTGYALNF,3
CAVTSGDYKLSF,3
CAVTYSGAGSYQLTF,3
CAVVDSSYKLIF,3
CAVYNTDKLIF,3
CAVYSGNTPLVF,3
CAVYSSASKIIF,3
CAYRDFGNEKLTF,3
CAYRSAMDSNYQLIW,3
CAYRSFRDDKIIF,3
CGGNKLVF,3
CIAEGGGSQGNLIF,3
CIVFNDYKLSF,3
CIVGGNNAGNMLTF,3
CIVRGGSQGNLIF,3
CIVRVALIQGAQKLVF,3
CIVRVLFNKFYF,3
CIVRVTLPYGGSQGNLIF,3
CIVRVYGGATNKLIF,3
CIVYNDYKLSF,3
CLVGASGAGSYQLTF,3
CLVGDFKNAGKSTF,3
CLVGPNDYKLSF,3
CLVMDTGRRALTF,3
CVHSGTYKYIF,3
CVLSAWGGRALIF,3
CVSMDSNYQLIW,3
CVTTDSWGKLQF,3
CVVETGTYKYIF,3
CVVGDDKIIF,3
CVVIDRGSTLGRLYF,3
CVVNMGGNARLMF,3
CVVNRNARLMF,3
CVVSDLGFGNVLHC,3
CVVSDSWGKLQF,3
CVVSGGNSGNTPLVF,3
CYKLSF,3
CAISEEDKGRTEAFF,3
CAISTGDSNQPQHF,3
CAITGTGGFSTDTQYF,3
CALPGVAGITYEQYF,3
CALSDLGGSGNTGKLIF,3
CASALGGAYGYTF,3
CASGFHGGGPQHF,3
CASGGAGYQPQHF,3
CASGGANTGQLYF,3
CASGGGNTGQLF,3
CASGGGNTGQLYF,3
CASGGRDSAETLYF,3
CASGGSSAETLYF,3
CASGRSGSYYNEQFF,3
CASGSGSTDTQYF,3
CASILTGFDGYTF,3
CASIPGGAGNTEAFF,3
CASKGGANTGQLYF,3
CASLGRFSYEQYF,3
CASLTRDEQFF,3
CASLWTGETYEQYF,3
CASMGTSAETLYF,3
CASMTSGGGDTQYF,3
CASNLQGRFTEAFF,3
CASNREEALYNEQFF,3
CASNSQGLHNEQFF,3
CASQPTGSSLTNEKLFF,3
CASRGGEGGGNYNEQFF,3
CASRGGTNTEAFFGQGTRL,3
CASRGILVNTEAFF,3
CASRGWTGPVETQYF,3
CASRILAGGIYEQYF,3
CASRKDSSGNTIYF,3
CASRLTTGINYGYTF,3
CASRPFDRSDYGYTF,3
CASRQGAPGNTEAFF,3
CASRRAFAGELFF,3
CASRRLLAHRRAFF,3
CAAADNYGQNFVF,3
CAAAMDSSYKLIF,3
CAAARDDKIIF,3
CAADNTDKLIF,3
CAADSNYQLIW,3
CAAGGGGTEKLFF,3
CAAGKSQGNLIF,3
CAAGSANTGNQFYF,3
CAAGTYKYIF,3
CAAHPPMYSGGGADGLTF,3
CAAIKGAQKLVF,3
CAAITTPYSGAGSYQLTF,3
CAAKTSYDKVIF,3
CAALGAGGTSYGKLTF,3
CAALTGGGNKLTF,3
CAAPGNYGQNFVF,3
CAAPGSQGNLIF,3
CAARDFQGAQKLVF,3
CAAREETSGSRLTF,3
CAARGGYSTLTF,3
CAARHGSSNTGKLIF,3
CAARIGNTPLVF,3
CAARMDSSYKLIF,3
CAARNYGGSQGNLIF,3
CAARRGARLMF,3
CAARTGNQFYF,3
CAARYGGSQGNLIF,3
CAARYSGNTPLVF,3
CAASANARLMF,3
CAASARNNDMRF,3
CAASARYGGSQGNLIF,3
CAASASGTYKYIF,3
CAASDDGGATNKLIF,3
CAASDGGSNYKLTF,3
CAASEGSSNTGKLIF,3
CAASFIIQGAQKLVF,3
CAASGDNDMRF,3
CAASGGGSQGNLIF,3
CAASGNNARLMF,3
CAASGRVSGGSNYKLTF,3
CAASGYSTLTF,3
CAASNSGGADGLTF,3
CAASQGAQKLVF,3
CAASSFGNEKLTF,3
CAASSSTGANNLFF,3
CAASSTSGTYKYIF,3
CAATETSYDKVIF,3
CAATNSGGSNYKLTF,3
CAATTGNQFYF,3
CAATTSGTYKYIF,3
CAATYGGSQGNLIF,3
CAATYSGGGADGLTF,3
CAAYNTDKLIF,3
CAAYSGGYNKLIF,3
CACDGSQGNLIF,3
CADGSGNTGKLIF,3
CAEDQGGKLIF,3
CAEDSNARLMF,3
CAEKANTDKLIF,3
CAEMETSYDKVIF,3
CAENDMRF,3
CAENLGDSSYKLIF,3
CAENQGGGSQGNLIF,3
CAENRYGSGAGSYQLTF,3
CAENSGGGSQGNLIF,3
CAENSGGYQKVTF,3
CAERETSYDKVIF,3
CAERVTGGGNKLTF,3
CAESGGSQGNLIF,3
CAESGGYQKVTF,3
CAESGYSSASKIIF,3
CAESKNNNARLMF,3
CAESMVDDKIIF,3
CAESQGNLIF,3
CAESTSGGKLIF,3
CAETNQAGTALIF,3
CAETYSNTGFQKLVF,3
CAFDNQAGTALIF,3
CAFGGGADGLTF,3
CAFGGSQGNLIF,3
CAFGSSNTGKLIF,3
CAFITGNQFYF,3
CAFLYNQGGKLIF,3
CAFMGYSGAGSYQLTF,3
CAFMKLAGANSKLTF,3
CAFMRGRGKLTF,3
CAFNERDNYGQNFVF,3
CAFPYNNNDMRF,3
CAFSRGHYGGSQGNLIF,3
CAFSVVFNKFYF,3
CAFYGGATNKLIF,3
CAGADGTASKLTF,3
CAGADNYGQNFVF,3
CAGAEGGSQGNLIF,3
CAGAGSSNTGKLIF,3
CAGAGYWGQNFVF,3
CAGAHGGSQGNLIF,3
CAGANAGGTSYGKLTF,3
CAGAPGSSNTGKLIF,3
CAGARAGGTSYGKLTF,3
CAGASGGSQGNLIF,3
CAGAWGGSQGNLIF,3
CAGDGGGGSQGNLIF,3
CAGDSGGYQKVTF,3
CAGETSYDKVIF,3
CAGGDDKIIF,3
CAGGDGGSQGNLIF,3
CAGGDTGNQFYF,3
CAGGGADGLTF,3
CAGGGYGGSQGNLIF,3
CAGGNTGKLIF,3
CAGGWGDEQFF,3
CAGGYGGSQGNLIF,3
CAGHDGNDYKLSF,3
CAGHNNNDMRF,3
CAGIDNYGQNFVF,3
CAGLDNYGQNFVF,3
CAGLGNFNKFYF,3
CAGLNDYKLSF,3
CAGLNNNDMRF,3
CAGLSSNTGKLIF,3
CAGLYNNNDMRF,3
CAGMDSSYKLIF,3
CAGNAGNMLTF,3
CAGNNARLMF,3
CAGNQGGKLIF,3
CAGNSGTYKYIF,3
CAGPDGSSNTGKLIF,3
CAGPGDGGSQGNLIF,3
CAGPGYSTLTF,3
CAGQAPSGSARQLTF,3
CAGRAGGTSYGKLTF,3
CAGRDNYGQNFVF,3
CAGRDSNYQLIW,3
CAGRNNNARLMF,3
CAGSNDYKLSF,3
CAGSPSNTGKLIF,3
CAGSSGGSQGNLIF,3
CAGTDGGATNKLIF,3
CAGTDSNYQLIW,3
CAGTGNQFYF,3
CAGTHGGSQGNLIF,3
CAGVESNDYKLSF,3
CAIGDQTGANNLFF,3
CAINPLGSSSKKGTQYF,3
CAIQGSQGNLIF,3
CAISELVTGDSPLHF,3
CAISEVGVGQPQHF,3
CALAGGTSYGKLTF,3
CALAGSQGNLIF,3
CALDNAGNMLTF,3
CALDSWGKLQF,3
CALDTGNQFYF,3
CALGEGGAQKLVF,3
CALGFQKLVF,3
CALGGGADGLTF,3
CALGGTSYGKLTF,3
CALIVDAGNMLTF,3
CALKHNNARLMF,3
CALKRSSGYALNF,3
CALLPPAGGTSYGKLTF,3
CALNDYKLSF,3
CALNNYGQNFVF,3
CALNQGGKLIF,3
CALNTRGKLIF,3
CALQGGSEKLVF,3
CALRKVPDKIIF,3
CALRLRNRDDKIIF,3
CALRRHGGTYKYIF,3
CALSDGNDYKLSF,3
CALSDPNNAGNMLTF,3
CALSDRVINNDMRF,3
CALSEAGFYNQGGKLIF,3
CALSEAGPDKLIF,3
CALSEAHGGNKLVF,3
CALSEAKDEGSEKLVF,3
CALSEANFGNEKLTF,3
CALSEANTGGFKTIF,3
CALSEAQLGSGYALNF,3
CALSEASGTYKYIF,3
CALSEASSGGYQKVTF,3
CALSEAYAGGTSYGKLTF,3
CALSEFSSNTGKLIF,3
CALSEIQGAQKLVF,3
CALSENGRSQGNLIF,3
CALSETSYDKVIF,3
CALSEVYNQGGKLIF,3
CALSGGENTGKLIF,3
CALSGGSNYKLTF,3
CALSGGSYIPTF,3
CALSKGAAGNKLTF,3
CALSNDYKLSF,3
CALSNSGYALNF,3
CALSSGGYQKVTF,3
CALSVFSGGGADGLTF,3
CALSVNGNNRLAF,3
CALTGTASKLTF,3
CAMGPSGGSYIPTF,3
CAMRDPSGTYKYIF,3
CAMREDPGGTSYGKLTF,3
CAMREGIGNAGNMLTF,3
CAMREGMDSSYKLIF,3
CAMREGQAGQKLLF,3
CAMRELNDYKLSF,3
CAMRGPFSSNTGKLIF,3
CAMRGPYSSNTGKLIF,3
CAMRGSQGNLIF,3
CAMRPPFSGGYNKLIF,3
CAMSAHNYGQNFVF,3
CAMSASDASKIIF,3
CAMSASNFGNEKLTF,3
CAMSDSGGGADGLTF,3
CAMSDSNYQLIW,3
CAMSRSNFGNEKLTF,3
CAMSVKNTGNQFYF,3
CAMSWGRDDKIIF,3
CAPGGSQGNLIF,3
CAPKAAGNKLTF,3
CAPKTDSWGKLQF,3
CAPRGDNYGQNFVF,3
CAPRGERGSTLGRLYF,3
CARDQTGANNLFF,3
CASAGGNQPQHF,3
CASALLSSYNSPLHF,3
CASFTGKLIF,3
CASGAGGLNEQFF,3
CASGGGADGLTF,3
CASGGSNYKLTF,3
CASGLYPGQPQHF,3
CASGRLSYNEQFF,3
CASIPAGGPGDTQYF,3
CASKKLAGDSYEQYF,3
CASMGTGFDGYTF,3
CASMNYGGSQGNLIF,3
CASNDLNTGELFF,3
CASQDRNTGELFF,3
CASQEANTGELFF,3
CASQNFGNEKLTF,3
CASRAGEHFYEQYF,3
CASRDPGTTDYNEQFF,3
CASRFSPGENTEAFF,3
CASRGPVETQYF,3
CASRPGGHEGEKLFF,3
CASRPGQGGYEQYF,3
CASRPGVGNQPQHF,3
CASRQESTEAFF,3
CASRQGNTGELFF,3
CASRRTGQSYNSPLHF,3
CASRSSGGAYNEQFF,3
CASRTRGGTLIEQYF,3
CASRVGQNYNSPLHF,3
CASSADPSQGDGNYGYTF,3
CASSALAGGYNEQFF,3
CASSALASGGDTQYF,3
CASSARSSTEQYF,3
CASSAWGTSSTDTQYF,3
CASSDDPGFGQPQHF,3
CASSDLDTGELFF,3
CASSDLNTGELFF,3
CASSDPDRIKNIQYF,3
CASSDPGTEAFF,3
CASSDSLGDRGSYEQYF,3
CASSDSYGYTF,3
CASSDTVSYEQYF,3
CASSEASGGANIQYF,3
CASSEASGGFYNEQFF,3
CASSEDRHTGELFF,3
CASSEGGVETQYF,3
CASSEGLWQVGDEQYF,3
CASSEGNTGELFF,3
CASSELNTGELFF,3
CASSESISYEQYF,3
CASSETSGPSYEQYF,3
CASSFDGVYEQYF,3
CASSFDRGGYEQYF,3
CASSFGGPIYEQFF,3
CASSFGNEQFF,3
CASSFLAGGYGDTQYF,3
CASSFLAGGYNEQFF,3
CASSFLAGTDTQYF,3
CASSFLDRGPNTEAFF,3
CASSFNMATGQYF,3
CASSFQGLGTEAFF,3
CASSFQGSPQETQYF,3
CASSFRALAADTQYF,3
CASSFRDSYEQYF,3
CASSFSQDPQYF,3
CASSFVGQGGTEAFF,3
CASSFWGSGRDTQYF,3
CASSFWSGTQETQYF,3
CASSGPGGVDEQYF,3
CASSGQDYGYTF,3
CASSGQTNTEAFF,3
CASSGRAAGELFF,3
CASSGRGWETQYF,3
CASSGRSQETQYF,3
CASSGTDYGYTF,3
CASSGTSGAYNEQFF,3
CASSGYSNQPQHF,3
CASSHRSGTEAFF,3
CASSHSTGSSTEAFF,3
CASSIDRGGNTEAFF,3
CASSIFGELFF,3
CASSIFGEQFF,3
CASSIFGEQYF,3
CASSIGDYEQYF,3
CASSIGIYGYTF,3
CASSIGKDMNTEAFF,3
CASSIGQGPYEQYF,3
CASSIGTGNTEAFF,3
CASSIIGQRVEAFF,3
CASSILSNQPQHF,3
CASSIQQGADTQYF,3
CASSIRSGETQYF,3
CASSIRSGVEQFF,3
CASSIRSGVEQYF,3
CASSIRSGYEQFF,3
CASSIRSSETQYF,3
CASSIRSSGELFF,3
CASSIRSSHEQYF,3
CASSIRSSNEQFF,3
CASSIRSSYEQFF,3
CASSIRSVAEAFF,3
CASSIYSGGYNEQFF,3
CASSKGLTGNYEQYF,3
CASSKRSTDTQYF,3
CASSKRSTGELFF,3
CASSLAADYEQYF,3
CASSLAPSGGDEQYF,3
CASSLASNEQFF,3
CASSLDGQGPLYGYTF,3
CASSLDIEAFF,3
CASSLDQQGVGEKLFF,3
CASSLEAGGAYNEQFF,3
CASSLEASGPYNEQFF,3
CASSLEGDQPQHF,3
CASSLFGRDLGGYTF,3
CASSLGDRIYTF,3
CASSLGGGNNEQFF,3
CASSLGGLGQPQHF,3
CASSLGGQGSNEQFF,3
CASSLGLEGEQYF,3
CASSLGMRGGWDEQFF,3
CASSLGPDNEQFF,3
